generation;individual;train_accuracy;test_accuracy
0;0;0.9017666666666667;0.8996
0;1;0.9030333333333334;0.8986
0;2;0.9074;0.9077
0;3;0.90485;0.9042
0;4;0.9051333333333333;0.9046
0;5;0.90665;0.9056
0;6;0.9023833333333333;0.9005
0;7;0.90575;0.9056
0;8;0.9058833333333334;0.9018
0;9;0.9015166666666666;0.8997
0;10;0.9063;0.904
0;11;0.9050666666666667;0.9028
0;12;0.9067833333333334;0.905
0;13;0.90435;0.9009
0;14;0.9023;0.9009
0;15;0.89495;0.8944
0;16;0.89815;0.8988
0;17;0.90665;0.905
0;18;0.8971166666666667;0.896
0;19;0.9063666666666667;0.9043
0;20;0.9053166666666667;0.9027
0;21;0.9025333333333333;0.9002
0;22;0.9076333333333333;0.9046
0;23;0.9109666666666667;0.9069
0;24;0.9091166666666667;0.9065
0;25;0.9074166666666666;0.9056
0;26;0.9064166666666666;0.9046
0;27;0.9069333333333334;0.9066
0;28;0.9031833333333333;0.9014
0;29;0.9079666666666667;0.9059
0;30;0.90545;0.904
0;31;0.90485;0.905
0;32;0.9033333333333333;0.9011
0;33;0.8935;0.8926
0;34;0.90535;0.9036
0;35;0.9055333333333333;0.905
0;36;0.90515;0.9033
0;37;0.89775;0.9003
0;38;0.9037666666666667;0.9023
0;39;0.9033666666666667;0.9025
0;40;0.8989;0.8982
0;41;0.9065;0.9039
0;42;0.9003333333333333;0.8979
0;43;0.89765;0.8988
0;44;0.9041166666666667;0.902
0;45;0.8989833333333334;0.8997
0;46;0.8976;0.8968
0;47;0.9075666666666666;0.9047
0;48;0.90555;0.9039
0;49;0.9042833333333333;0.9046
0;50;0.9025833333333333;0.9003
0;51;0.9025666666666666;0.9016
0;52;0.9033666666666667;0.8983
0;53;0.9076666666666666;0.9081
0;54;0.9012666666666667;0.8989
0;55;0.8936;0.8955
0;56;0.9039833333333334;0.9019
0;57;0.9026166666666666;0.9033
0;58;0.8985166666666666;0.8958
0;59;0.9;0.9034
0;60;0.9064166666666666;0.9049
0;61;0.905;0.9058
0;62;0.90395;0.9011
0;63;0.8981833333333333;0.8949
0;64;0.8954333333333333;0.8907
0;65;0.90755;0.9073
0;66;0.9090666666666667;0.9079
0;67;0.9061166666666667;0.9076
0;68;0.9052166666666667;0.905
0;69;0.9006166666666666;0.9026
0;70;0.9027166666666666;0.9016
0;71;0.9036833333333333;0.9016
0;72;0.9081;0.9054
0;73;0.9017833333333334;0.899
0;74;0.901;0.9017
0;75;0.9041;0.9036
0;76;0.90845;0.9049
0;77;0.8995;0.8963
0;78;0.9051;0.9043
0;79;0.9042166666666667;0.9047
0;80;0.8939666666666667;0.8954
0;81;0.90425;0.9043
0;82;0.90725;0.907
0;83;0.90365;0.9045
0;84;0.9043333333333333;0.9033
0;85;0.90455;0.9021
0;86;0.8997;0.8985
0;87;0.9049833333333334;0.9038
0;88;0.90565;0.9038
0;89;0.9054833333333333;0.9035
0;90;0.9036833333333333;0.9047
0;91;0.90835;0.9068
0;92;0.9067;0.9031
0;93;0.9078;0.9065
0;94;0.9009833333333334;0.9024
0;95;0.9058666666666667;0.9038
0;96;0.9102833333333333;0.9065
0;97;0.9021333333333333;0.9
0;98;0.9054;0.9053
0;99;0.9053333333333333;0.9042
0;100;0.9022333333333333;0.9014
0;101;0.9025;0.8999
0;102;0.9033;0.9006
0;103;0.9005333333333333;0.8982
0;104;0.9049666666666667;0.9041
0;105;0.9058833333333334;0.9057
0;106;0.9026333333333333;0.898
0;107;0.8989666666666667;0.8981
0;108;0.8988333333333334;0.8961
0;109;0.89635;0.8941
0;110;0.9072166666666667;0.9067
0;111;0.9029;0.9013
0;112;0.9045666666666666;0.9014
0;113;0.9063166666666667;0.9038
0;114;0.9044666666666666;0.9023
0;115;0.8965;0.9002
0;116;0.90245;0.9036
0;117;0.8950333333333333;0.8931
0;118;0.9066166666666666;0.9053
0;119;0.9025166666666666;0.9023
0;120;0.90815;0.9043
0;121;0.9053166666666667;0.9053
0;122;0.9073;0.9063
0;123;0.9054833333333333;0.9053
0;124;0.9007333333333334;0.8998
0;125;0.9114833333333333;0.9091
0;126;0.90435;0.9036
0;127;0.9068;0.9057
0;128;0.8937333333333334;0.892
0;129;0.9067666666666667;0.906
0;130;0.8959;0.8949
0;131;0.9013666666666666;0.9012
0;132;0.9033166666666667;0.9003
0;133;0.90405;0.9022
0;134;0.8985;0.8989
0;135;0.9002833333333333;0.8998
0;136;0.9062166666666667;0.901
0;137;0.8993;0.8986
0;138;0.9066666666666666;0.9027
0;139;0.9068;0.9042
0;140;0.9066166666666666;0.905
0;141;0.9024;0.9015
0;142;0.9030666666666667;0.9059
0;143;0.9031166666666667;0.9015
0;144;0.9053166666666667;0.9028
0;145;0.90885;0.9052
0;146;0.89475;0.892
0;147;0.9029666666666667;0.9006
0;148;0.9026666666666666;0.9017
0;149;0.8951166666666667;0.8962
0;150;0.901;0.9002
0;151;0.9007333333333334;0.8996
0;152;0.89705;0.8978
0;153;0.9051166666666667;0.8999
0;154;0.9076;0.9062
0;155;0.9029;0.9023
0;156;0.8958666666666667;0.8945
0;157;0.9022166666666667;0.9013
0;158;0.90555;0.9058
0;159;0.90265;0.9018
0;160;0.8987833333333334;0.9018
0;161;0.9051333333333333;0.9024
0;162;0.90355;0.903
0;163;0.9056333333333333;0.9039
0;164;0.9051;0.9033
0;165;0.90815;0.9076
0;166;0.9046;0.9015
0;167;0.9000666666666667;0.9003
0;168;0.9049833333333334;0.9055
0;169;0.8986;0.8985
0;170;0.9021833333333333;0.8995
0;171;0.9063333333333333;0.9035
0;172;0.9066833333333333;0.9049
0;173;0.9051166666666667;0.9042
0;174;0.9078166666666667;0.9055
0;175;0.9015666666666666;0.9029
0;176;0.9016;0.9018
0;177;0.9038166666666667;0.9043
0;178;0.8974333333333333;0.8941
0;179;0.90925;0.9069
0;180;0.906;0.9037
0;181;0.9056833333333333;0.9043
0;182;0.90415;0.9041
0;183;0.9015;0.9031
0;184;0.9090833333333334;0.9063
0;185;0.9008833333333334;0.9003
0;186;0.897;0.8926
0;187;0.8972833333333333;0.8964
0;188;0.9044;0.9032
0;189;0.9035;0.8992
0;190;0.9029166666666667;0.9011
0;191;0.9077;0.9047
0;192;0.9085166666666666;0.9056
0;193;0.9078166666666667;0.9063
0;194;0.9005;0.9015
0;195;0.9045833333333333;0.9037
0;196;0.9043833333333333;0.9025
0;197;0.9072;0.9046
0;198;0.8985333333333333;0.8997
0;199;0.90635;0.9039
1;0;0.9057666666666667;0.9075
1;1;0.9037;0.9013
1;2;0.9019166666666667;0.9009
1;3;0.9107;0.9081
1;4;0.9074;0.9048
1;5;0.90365;0.8997
1;6;0.9079666666666667;0.9059
1;7;0.8985833333333333;0.8979
1;8;0.90545;0.9041
1;9;0.9013333333333333;0.8993
1;10;0.9014;0.9016
1;11;0.9029833333333334;0.9035
1;12;0.9058333333333334;0.9031
1;13;0.9071666666666667;0.9062
1;14;0.9056666666666666;0.9049
1;15;0.89795;0.8956
1;16;0.9007;0.9005
1;17;0.9017;0.8991
1;18;0.9048333333333334;0.9023
1;19;0.9020666666666667;0.8992
1;20;0.9046833333333333;0.9032
1;21;0.9025;0.9032
1;22;0.9055666666666666;0.9051
1;23;0.9037166666666666;0.9033
1;24;0.9038833333333334;0.9027
1;25;0.8958833333333334;0.8956
1;26;0.9041333333333333;0.9024
1;27;0.9043666666666667;0.9005
1;28;0.9002333333333333;0.9002
1;29;0.9052666666666667;0.9042
1;30;0.9098;0.9073
1;31;0.8998;0.9013
1;32;0.8999;0.8972
1;33;0.9098;0.9053
1;34;0.9044166666666666;0.9047
1;35;0.8972666666666667;0.8951
1;36;0.9034833333333333;0.9043
1;37;0.9006166666666666;0.8997
1;38;0.9034666666666666;0.9026
1;39;0.9044166666666666;0.904
1;40;0.9052;0.9044
1;41;0.9009;0.9027
1;42;0.9019666666666667;0.8992
1;43;0.9063166666666667;0.9046
1;44;0.9036166666666666;0.901
1;45;0.9057;0.9049
1;46;0.9064666666666666;0.9073
1;47;0.8953833333333333;0.8973
1;48;0.9000666666666667;0.8988
1;49;0.9054333333333333;0.9066
1;50;0.9032833333333333;0.9033
1;51;0.9040333333333334;0.9015
1;52;0.9066333333333333;0.9042
1;53;0.9007166666666667;0.8996
1;54;0.9012833333333333;0.9021
1;55;0.9061666666666667;0.9032
1;56;0.90405;0.9026
1;57;0.9038833333333334;0.9019
1;58;0.90555;0.9037
1;59;0.90125;0.9019
1;60;0.9034666666666666;0.9015
1;61;0.9060666666666667;0.9035
1;62;0.9045;0.9005
1;63;0.899;0.8982
1;64;0.9047333333333333;0.9047
1;65;0.9023166666666667;0.9025
1;66;0.9019833333333334;0.9025
1;67;0.9059333333333334;0.9035
1;68;0.90265;0.903
1;69;0.8970833333333333;0.8968
1;70;0.9080333333333334;0.9065
1;71;0.9049;0.9026
1;72;0.9046666666666666;0.9019
1;73;0.9027333333333334;0.8991
1;74;0.89995;0.8987
1;75;0.9004833333333333;0.9011
1;76;0.9077;0.9055
1;77;0.9016166666666666;0.9003
1;78;0.9030333333333334;0.9037
1;79;0.90325;0.9018
1;80;0.9056166666666666;0.9021
1;81;0.9073;0.907
1;82;0.9076166666666666;0.9084
1;83;0.90485;0.9052
1;84;0.9041833333333333;0.9038
1;85;0.9043333333333333;0.9036
1;86;0.9056166666666666;0.9053
1;87;0.8999;0.9003
1;88;0.9049;0.9027
1;89;0.9066833333333333;0.9047
1;90;0.8992166666666667;0.8989
1;91;0.8993833333333333;0.8979
1;92;0.9021;0.9028
1;93;0.9055;0.9039
1;94;0.90505;0.9043
1;95;0.9050666666666667;0.9035
1;96;0.90285;0.9013
1;97;0.8915333333333333;0.89
1;98;0.8950166666666667;0.8948
1;99;0.90695;0.9034
1;100;0.89935;0.8982
1;101;0.9051;0.9034
1;102;0.9045333333333333;0.9039
1;103;0.9022;0.9008
1;104;0.8980666666666667;0.8942
1;105;0.9033833333333333;0.9045
1;106;0.9016666666666666;0.9
1;107;0.9015333333333333;0.901
1;108;0.9076166666666666;0.9041
1;109;0.9038;0.9035
1;110;0.90265;0.9042
1;111;0.9065833333333333;0.9019
1;112;0.9033166666666667;0.9009
1;113;0.9077;0.9054
1;114;0.90255;0.9013
1;115;0.9044;0.9049
1;116;0.8954666666666666;0.8953
1;117;0.90275;0.9024
1;118;0.9045166666666666;0.9024
1;119;0.9054666666666666;0.9012
1;120;0.8991166666666667;0.9001
1;121;0.8968;0.898
1;122;0.9008666666666667;0.8972
1;123;0.9021;0.9015
1;124;0.9034333333333333;0.9024
1;125;0.9058166666666667;0.9043
1;126;0.90345;0.902
1;127;0.9003666666666666;0.9008
1;128;0.9029666666666667;0.8995
1;129;0.8997333333333334;0.899
1;130;0.9007333333333334;0.8995
1;131;0.905;0.9033
1;132;0.9060333333333334;0.9055
1;133;0.9058166666666667;0.9042
1;134;0.9104833333333333;0.9089
1;135;0.90745;0.9038
1;136;0.89765;0.8976
1;137;0.9077833333333334;0.9057
1;138;0.8986;0.8941
1;139;0.9018666666666667;0.9007
1;140;0.9001166666666667;0.8964
1;141;0.9053833333333333;0.9042
1;142;0.8982;0.8966
1;143;0.9089333333333334;0.9063
1;144;0.9080833333333334;0.9051
1;145;0.8985666666666666;0.8971
1;146;0.8962166666666667;0.8995
1;147;0.9022666666666667;0.9044
1;148;0.9019;0.8998
1;149;0.9042833333333333;0.9034
1;150;0.905;0.9037
1;151;0.9109833333333334;0.9073
1;152;0.8952833333333333;0.8958
1;153;0.8971166666666667;0.8995
1;154;0.9053166666666667;0.9025
1;155;0.9037333333333334;0.9048
1;156;0.9038;0.8997
1;157;0.9060666666666667;0.9053
1;158;0.9043666666666667;0.9016
1;159;0.9043833333333333;0.9007
1;160;0.90205;0.8992
1;161;0.9012;0.9012
1;162;0.9041833333333333;0.8994
1;163;0.8975833333333333;0.8962
1;164;0.9073;0.9069
1;165;0.8958333333333334;0.8952
1;166;0.9026333333333333;0.902
1;167;0.8998333333333334;0.9007
1;168;0.9035333333333333;0.8984
1;169;0.9087333333333333;0.9076
1;170;0.8990666666666667;0.8971
1;171;0.9046166666666666;0.9024
1;172;0.8981666666666667;0.8971
1;173;0.9019;0.9026
1;174;0.9058666666666667;0.9042
1;175;0.9028333333333334;0.9029
1;176;0.90295;0.8993
1;177;0.90415;0.9035
1;178;0.8999833333333334;0.8996
1;179;0.9043;0.8997
1;180;0.9062333333333333;0.9023
1;181;0.8971;0.8955
1;182;0.9038666666666667;0.9027
1;183;0.9053;0.9048
1;184;0.9042333333333333;0.9054
1;185;0.9057;0.9017
1;186;0.9032666666666667;0.9003
1;187;0.9021333333333333;0.9029
1;188;0.90655;0.9032
1;189;0.90895;0.9057
1;190;0.9040166666666667;0.9016
1;191;0.9089333333333334;0.9074
1;192;0.9020666666666667;0.9006
1;193;0.9038833333333334;0.9017
1;194;0.8981666666666667;0.8992
1;195;0.89655;0.8972
1;196;0.9029666666666667;0.9004
1;197;0.9053166666666667;0.9058
1;198;0.9009166666666667;0.9003
1;199;0.8933833333333333;0.8953
2;0;0.90005;0.9011
2;1;0.9085166666666666;0.9046
2;2;0.9043;0.9015
2;3;0.9011833333333333;0.8999
2;4;0.9084666666666666;0.9067
2;5;0.9032;0.9038
2;6;0.9033833333333333;0.8993
2;7;0.90275;0.9003
2;8;0.8963833333333333;0.8976
2;9;0.9058666666666667;0.905
2;10;0.9012666666666667;0.9011
2;11;0.90385;0.9017
2;12;0.9075333333333333;0.9058
2;13;0.9042333333333333;0.9022
2;14;0.8944666666666666;0.8928
2;15;0.90405;0.9046
2;16;0.8978333333333334;0.897
2;17;0.9064;0.9024
2;18;0.9051166666666667;0.9019
2;19;0.9052;0.903
2;20;0.9071833333333333;0.9057
2;21;0.8994;0.898
2;22;0.9005333333333333;0.9003
2;23;0.9087;0.9052
2;24;0.9073333333333333;0.9054
2;25;0.9025833333333333;0.904
2;26;0.9077333333333333;0.9023
2;27;0.9044333333333333;0.9047
2;28;0.9090833333333334;0.9093
2;29;0.9062666666666667;0.9058
2;30;0.9032666666666667;0.9002
2;31;0.9060166666666667;0.9062
2;32;0.9102833333333333;0.907
2;33;0.90505;0.9047
2;34;0.9026833333333333;0.9036
2;35;0.9038666666666667;0.903
2;36;0.89845;0.8948
2;37;0.9027833333333334;0.9031
2;38;0.9073333333333333;0.9062
2;39;0.9024333333333333;0.9028
2;40;0.90825;0.9055
2;41;0.8996333333333333;0.8996
2;42;0.90235;0.9028
2;43;0.9068;0.9037
2;44;0.9063333333333333;0.9038
2;45;0.9014166666666666;0.9003
2;46;0.9076333333333333;0.9068
2;47;0.9073833333333333;0.9056
2;48;0.90215;0.9004
2;49;0.9087833333333334;0.9061
2;50;0.9014333333333333;0.9001
2;51;0.90555;0.9037
2;52;0.9084166666666667;0.9043
2;53;0.9018333333333334;0.9
2;54;0.9054333333333333;0.9033
2;55;0.9041833333333333;0.9028
2;56;0.9022833333333333;0.9017
2;57;0.90985;0.9072
2;58;0.9018;0.9043
2;59;0.90805;0.9052
2;60;0.9002833333333333;0.8997
2;61;0.8988333333333334;0.8978
2;62;0.9090333333333334;0.9075
2;63;0.9009166666666667;0.8988
2;64;0.90075;0.9
2;65;0.90785;0.9054
2;66;0.9003166666666667;0.8976
2;67;0.9067666666666667;0.9053
2;68;0.9064833333333333;0.9029
2;69;0.90335;0.9019
2;70;0.9051833333333333;0.9029
2;71;0.9032833333333333;0.9009
2;72;0.8925;0.893
2;73;0.9023;0.9011
2;74;0.8998666666666667;0.8993
2;75;0.9014666666666666;0.9052
2;76;0.90555;0.9059
2;77;0.9068833333333334;0.9059
2;78;0.9099;0.9068
2;79;0.90375;0.9013
2;80;0.9064833333333333;0.9039
2;81;0.8966333333333333;0.8973
2;82;0.9035166666666666;0.9027
2;83;0.9018833333333334;0.9026
2;84;0.9016;0.9017
2;85;0.9070333333333334;0.9045
2;86;0.8965833333333333;0.895
2;87;0.9027166666666666;0.9007
2;88;0.9003666666666666;0.9019
2;89;0.90135;0.9014
2;90;0.9038;0.9061
2;91;0.8926833333333334;0.8924
2;92;0.9046833333333333;0.9047
2;93;0.90645;0.907
2;94;0.9074166666666666;0.9044
2;95;0.9043666666666667;0.9016
2;96;0.9051833333333333;0.9033
2;97;0.9026333333333333;0.9011
2;98;0.9024333333333333;0.9023
2;99;0.89885;0.8973
2;100;0.9071166666666667;0.9044
2;101;0.9068;0.9032
2;102;0.9054166666666666;0.904
2;103;0.9060166666666667;0.9043
2;104;0.9045666666666666;0.9012
2;105;0.902;0.903
2;106;0.9061;0.9049
2;107;0.9073666666666667;0.9079
2;108;0.9012333333333333;0.8992
2;109;0.9084333333333333;0.9034
2;110;0.8989666666666667;0.8955
2;111;0.9107833333333333;0.9077
2;112;0.90445;0.9058
2;113;0.8957666666666667;0.8949
2;114;0.9037333333333334;0.9021
2;115;0.9016166666666666;0.8995
2;116;0.9019;0.9021
2;117;0.9069833333333334;0.9059
2;118;0.90255;0.9012
2;119;0.9076666666666666;0.9058
2;120;0.9050833333333334;0.9038
2;121;0.9056333333333333;0.9042
2;122;0.90105;0.9017
2;123;0.90255;0.9039
2;124;0.8974666666666666;0.8973
2;125;0.9017;0.8999
2;126;0.8999;0.9008
2;127;0.9031;0.903
2;128;0.9061666666666667;0.9046
2;129;0.9066166666666666;0.9056
2;130;0.9053333333333333;0.9056
2;131;0.8992833333333333;0.8987
2;132;0.90215;0.8993
2;133;0.8996;0.8993
2;134;0.9030833333333333;0.9015
2;135;0.9050333333333334;0.9048
2;136;0.90215;0.899
2;137;0.8906166666666666;0.8899
2;138;0.9010833333333333;0.9006
2;139;0.9076666666666666;0.9039
2;140;0.9031666666666667;0.9042
2;141;0.9027833333333334;0.9028
2;142;0.9044833333333333;0.9015
2;143;0.9017666666666667;0.9
2;144;0.89725;0.8971
2;145;0.9022333333333333;0.9012
2;146;0.9005333333333333;0.9002
2;147;0.8999;0.8991
2;148;0.90255;0.9013
2;149;0.9067833333333334;0.9041
2;150;0.9072;0.9027
2;151;0.9054;0.9036
2;152;0.9081;0.9071
2;153;0.9004666666666666;0.9008
2;154;0.9058333333333334;0.9043
2;155;0.9036333333333333;0.9028
2;156;0.8995;0.9005
2;157;0.90595;0.9059
2;158;0.90115;0.9005
2;159;0.9044666666666666;0.9048
2;160;0.9055333333333333;0.9057
2;161;0.8968833333333334;0.8951
2;162;0.8988833333333334;0.8955
2;163;0.9040666666666667;0.9025
2;164;0.9012166666666667;0.9041
2;165;0.90415;0.9036
2;166;0.9038;0.9008
2;167;0.9055833333333333;0.9028
2;168;0.8941833333333333;0.8959
2;169;0.9054;0.9032
2;170;0.9020166666666667;0.9004
2;171;0.9056166666666666;0.903
2;172;0.9031333333333333;0.902
2;173;0.9029;0.9018
2;174;0.9028166666666667;0.9025
2;175;0.9060833333333334;0.9035
2;176;0.9026;0.9008
2;177;0.90675;0.9071
2;178;0.9049166666666667;0.9016
2;179;0.90915;0.9082
2;180;0.8975666666666666;0.9013
2;181;0.9071;0.9049
2;182;0.9058333333333334;0.9058
2;183;0.8961666666666667;0.8982
2;184;0.9099;0.9065
2;185;0.89975;0.8978
2;186;0.9008;0.8993
2;187;0.9045166666666666;0.9034
2;188;0.9055333333333333;0.9042
2;189;0.9034833333333333;0.9009
2;190;0.9080166666666667;0.9058
2;191;0.9009333333333334;0.9001
2;192;0.9056333333333333;0.9041
2;193;0.9029166666666667;0.9026
2;194;0.9048;0.9007
2;195;0.9060333333333334;0.9072
2;196;0.9040833333333333;0.904
2;197;0.8964166666666666;0.8976
2;198;0.8982;0.8967
2;199;0.9027166666666666;0.9011
3;0;0.8926666666666667;0.891
3;1;0.9036333333333333;0.9003
3;2;0.90745;0.9046
3;3;0.9058333333333334;0.9059
3;4;0.9033833333333333;0.9016
3;5;0.9065666666666666;0.9056
3;6;0.9091666666666667;0.9049
3;7;0.9020666666666667;0.8976
3;8;0.8984333333333333;0.9024
3;9;0.9012833333333333;0.8988
3;10;0.9065;0.9046
3;11;0.90615;0.9039
3;12;0.8972666666666667;0.8972
3;13;0.9085166666666666;0.9061
3;14;0.9057;0.9028
3;15;0.90585;0.9038
3;16;0.9051;0.9016
3;17;0.9040166666666667;0.9041
3;18;0.9003666666666666;0.8979
3;19;0.9045;0.9021
3;20;0.9102333333333333;0.908
3;21;0.901;0.9002
3;22;0.9001333333333333;0.9012
3;23;0.89825;0.9004
3;24;0.8981666666666667;0.8974
3;25;0.90215;0.9005
3;26;0.8963;0.8993
3;27;0.8985166666666666;0.899
3;28;0.9033333333333333;0.9009
3;29;0.9054833333333333;0.9045
3;30;0.9027666666666667;0.9019
3;31;0.9003166666666667;0.9018
3;32;0.9094;0.907
3;33;0.9064333333333333;0.904
3;34;0.9015166666666666;0.9006
3;35;0.90175;0.9035
3;36;0.9000333333333334;0.9
3;37;0.9039666666666667;0.9025
3;38;0.9007666666666667;0.9018
3;39;0.89925;0.9002
3;40;0.9045;0.9042
3;41;0.9091166666666667;0.9069
3;42;0.8966666666666666;0.8957
3;43;0.89515;0.8968
3;44;0.908;0.9056
3;45;0.9043833333333333;0.9037
3;46;0.8965666666666666;0.8934
3;47;0.9039833333333334;0.903
3;48;0.89655;0.897
3;49;0.9073;0.9056
3;50;0.9053833333333333;0.9027
3;51;0.9028333333333334;0.9014
3;52;0.9011666666666667;0.9018
3;53;0.9061833333333333;0.9042
3;54;0.8976;0.8974
3;55;0.9015;0.9026
3;56;0.89955;0.8979
3;57;0.90225;0.9004
3;58;0.9035333333333333;0.9004
3;59;0.90535;0.9038
3;60;0.90245;0.9024
3;61;0.9033666666666667;0.9018
3;62;0.90335;0.8996
3;63;0.90095;0.8995
3;64;0.9068666666666667;0.9043
3;65;0.8992666666666667;0.9006
3;66;0.9023333333333333;0.9023
3;67;0.9042;0.8994
3;68;0.9038833333333334;0.9023
3;69;0.90955;0.9064
3;70;0.9075166666666666;0.9037
3;71;0.9050666666666667;0.902
3;72;0.8978;0.8961
3;73;0.9023666666666667;0.9036
3;74;0.9018333333333334;0.9006
3;75;0.9028;0.9036
3;76;0.8986;0.8994
3;77;0.9036666666666666;0.9032
3;78;0.90165;0.9029
3;79;0.8993833333333333;0.8972
3;80;0.9028833333333334;0.9004
3;81;0.9031333333333333;0.9033
3;82;0.9023166666666667;0.9026
3;83;0.9067;0.9037
3;84;0.8992;0.8999
3;85;0.9005;0.9001
3;86;0.9061166666666667;0.9031
3;87;0.9047333333333333;0.9026
3;88;0.90925;0.9061
3;89;0.9019166666666667;0.9039
3;90;0.9038666666666667;0.9029
3;91;0.9016333333333333;0.8996
3;92;0.90865;0.9067
3;93;0.9071333333333333;0.9054
3;94;0.9097833333333334;0.9082
3;95;0.8981333333333333;0.898
3;96;0.9037333333333334;0.9036
3;97;0.9038833333333334;0.9025
3;98;0.9071166666666667;0.9022
3;99;0.9034;0.9023
3;100;0.90195;0.9011
3;101;0.9032333333333333;0.9047
3;102;0.9067833333333334;0.9038
3;103;0.90195;0.9012
3;104;0.89375;0.8954
3;105;0.90375;0.9008
3;106;0.9035666666666666;0.902
3;107;0.89975;0.9011
3;108;0.9056666666666666;0.9065
3;109;0.9001666666666667;0.9
3;110;0.8988333333333334;0.896
3;111;0.907;0.9042
3;112;0.9020333333333334;0.8994
3;113;0.9065333333333333;0.905
3;114;0.897;0.8961
3;115;0.9041666666666667;0.9034
3;116;0.9035;0.9009
3;117;0.9019333333333334;0.901
3;118;0.9067;0.9074
3;119;0.9029166666666667;0.8989
3;120;0.9054333333333333;0.9055
3;121;0.9018333333333334;0.8994
3;122;0.90545;0.9058
3;123;0.9054833333333333;0.9057
3;124;0.8992833333333333;0.8992
3;125;0.9042166666666667;0.9041
3;126;0.9092;0.9092
3;127;0.8986666666666666;0.8991
3;128;0.9058833333333334;0.9042
3;129;0.89845;0.8989
3;130;0.9053333333333333;0.9033
3;131;0.9006666666666666;0.9011
3;132;0.9072666666666667;0.9056
3;133;0.9035833333333333;0.9037
3;134;0.8950666666666667;0.8927
3;135;0.90225;0.9015
3;136;0.9064333333333333;0.9022
3;137;0.8951166666666667;0.8931
3;138;0.9005;0.899
3;139;0.9039666666666667;0.9041
3;140;0.9066166666666666;0.9072
3;141;0.9051666666666667;0.9035
3;142;0.9029;0.9007
3;143;0.9098166666666667;0.9054
3;144;0.9042;0.9044
3;145;0.9054666666666666;0.9038
3;146;0.9042333333333333;0.9035
3;147;0.9021666666666667;0.9015
3;148;0.9007166666666667;0.9
3;149;0.9037666666666667;0.9019
3;150;0.9032333333333333;0.8999
3;151;0.9067;0.9028
3;152;0.9058;0.9032
3;153;0.90325;0.9027
3;154;0.90885;0.9064
3;155;0.9020833333333333;0.8993
3;156;0.9059666666666667;0.9042
3;157;0.9077;0.9045
3;158;0.9036166666666666;0.9021
3;159;0.89825;0.8973
3;160;0.9001;0.8994
3;161;0.8925333333333333;0.8904
3;162;0.9029166666666667;0.9023
3;163;0.8990833333333333;0.898
3;164;0.9006;0.8995
3;165;0.90405;0.9021
3;166;0.9084;0.907
3;167;0.90495;0.9043
3;168;0.9019;0.9011
3;169;0.9047833333333334;0.9006
3;170;0.9055833333333333;0.9057
3;171;0.9059666666666667;0.9053
3;172;0.8946333333333333;0.8909
3;173;0.9065333333333333;0.9062
3;174;0.90525;0.9047
3;175;0.9049666666666667;0.9039
3;176;0.9013333333333333;0.9002
3;177;0.8994666666666666;0.8978
3;178;0.9092166666666667;0.9071
3;179;0.90565;0.9054
3;180;0.9018;0.9005
3;181;0.9012333333333333;0.9021
3;182;0.9042;0.9043
3;183;0.9024833333333333;0.9039
3;184;0.9041333333333333;0.9037
3;185;0.9004666666666666;0.8971
3;186;0.90735;0.9059
3;187;0.9042666666666667;0.9041
3;188;0.9071166666666667;0.9056
3;189;0.9042833333333333;0.9041
3;190;0.9100833333333334;0.9089
3;191;0.90195;0.8997
3;192;0.9030833333333333;0.9012
3;193;0.9013333333333333;0.899
3;194;0.9000333333333334;0.8984
3;195;0.9032;0.9006
3;196;0.9077333333333333;0.9055
3;197;0.89955;0.8964
3;198;0.9038833333333334;0.9
3;199;0.89955;0.8991
4;0;0.9049333333333334;0.9034
4;1;0.90585;0.9049
4;2;0.9042166666666667;0.9047
4;3;0.9028666666666667;0.9015
4;4;0.90835;0.9072
4;5;0.903;0.9018
4;6;0.9089166666666667;0.907
4;7;0.9049333333333334;0.9021
4;8;0.9074833333333333;0.9051
4;9;0.9081166666666667;0.9047
4;10;0.9049166666666667;0.9024
4;11;0.9033666666666667;0.9009
4;12;0.90165;0.9015
4;13;0.8990833333333333;0.8999
4;14;0.9037666666666667;0.9001
4;15;0.9067333333333333;0.9028
4;16;0.90725;0.9051
4;17;0.9002833333333333;0.8994
4;18;0.8977666666666667;0.8997
4;19;0.9023833333333333;0.8999
4;20;0.9081666666666667;0.9047
4;21;0.9090333333333334;0.903
4;22;0.8981833333333333;0.8962
4;23;0.9077166666666666;0.9061
4;24;0.9055166666666666;0.9046
4;25;0.9049833333333334;0.9057
4;26;0.9071666666666667;0.9046
4;27;0.9021;0.8974
4;28;0.9045166666666666;0.9026
4;29;0.8938833333333334;0.8961
4;30;0.9069666666666667;0.9031
4;31;0.8994;0.9026
4;32;0.9009833333333334;0.9023
4;33;0.8969333333333334;0.8997
4;34;0.9025;0.9008
4;35;0.9042166666666667;0.9004
4;36;0.8970666666666667;0.8963
4;37;0.89975;0.8995
4;38;0.90765;0.9071
4;39;0.9037833333333334;0.9032
4;40;0.9063666666666667;0.9056
4;41;0.8997333333333334;0.8969
4;42;0.90245;0.9002
4;43;0.9069333333333334;0.9053
4;44;0.9064166666666666;0.9046
4;45;0.9005166666666666;0.9007
4;46;0.9039166666666667;0.9038
4;47;0.9040833333333333;0.9027
4;48;0.90905;0.9078
4;49;0.9044833333333333;0.9067
4;50;0.9048166666666667;0.902
4;51;0.8990666666666667;0.9023
4;52;0.8984;0.8972
4;53;0.9069166666666667;0.9045
4;54;0.9034;0.8998
4;55;0.9033166666666667;0.9029
4;56;0.9013166666666667;0.9004
4;57;0.8985666666666666;0.899
4;58;0.9056;0.9052
4;59;0.9015333333333333;0.9022
4;60;0.9037166666666666;0.9008
4;61;0.89565;0.8969
4;62;0.8990333333333334;0.8999
4;63;0.9006166666666666;0.9027
4;64;0.8987666666666667;0.8979
4;65;0.90645;0.9064
4;66;0.9083333333333333;0.9073
4;67;0.9073666666666667;0.904
4;68;0.9046333333333333;0.9033
4;69;0.9051;0.9043
4;70;0.9008833333333334;0.8998
4;71;0.9024833333333333;0.8988
4;72;0.9025333333333333;0.9027
4;73;0.9051666666666667;0.9041
4;74;0.8973833333333333;0.8991
4;75;0.8950833333333333;0.8919
4;76;0.9036666666666666;0.9014
4;77;0.9072;0.9062
4;78;0.8982833333333333;0.8979
4;79;0.9034666666666666;0.9042
4;80;0.9023166666666667;0.8983
4;81;0.9064833333333333;0.9032
4;82;0.9054333333333333;0.9046
4;83;0.8996666666666666;0.8978
4;84;0.8982333333333333;0.8972
4;85;0.905;0.9041
4;86;0.9050833333333334;0.9013
4;87;0.9082166666666667;0.9102
4;88;0.9011833333333333;0.9005
4;89;0.90165;0.8989
4;90;0.9035833333333333;0.9019
4;91;0.9063166666666667;0.9051
4;92;0.9018;0.9038
4;93;0.90185;0.9026
4;94;0.9081666666666667;0.9051
4;95;0.90235;0.8981
4;96;0.9034166666666666;0.9008
4;97;0.8926833333333334;0.8934
4;98;0.9060666666666667;0.9039
4;99;0.9008333333333334;0.9003
4;100;0.9035;0.9054
4;101;0.8999166666666667;0.8986
4;102;0.8955166666666666;0.8953
4;103;0.9037833333333334;0.9033
4;104;0.90375;0.9043
4;105;0.9013833333333333;0.9025
4;106;0.9025833333333333;0.9026
4;107;0.9033;0.8993
4;108;0.9062833333333333;0.9042
4;109;0.9041333333333333;0.901
4;110;0.9096833333333333;0.9038
4;111;0.9034166666666666;0.9035
4;112;0.90325;0.9024
4;113;0.90455;0.9019
4;114;0.8999;0.8991
4;115;0.8956;0.8968
4;116;0.9104166666666667;0.9079
4;117;0.9045333333333333;0.9024
4;118;0.9018333333333334;0.899
4;119;0.9068833333333334;0.9035
4;120;0.9022666666666667;0.901
4;121;0.90795;0.9063
4;122;0.8943833333333333;0.8956
4;123;0.9005833333333333;0.8963
4;124;0.9072;0.903
4;125;0.9076166666666666;0.9046
4;126;0.9041666666666667;0.9017
4;127;0.8987833333333334;0.8994
4;128;0.8990666666666667;0.9007
4;129;0.8978666666666667;0.8976
4;130;0.9068666666666667;0.9036
4;131;0.9037;0.9021
4;132;0.9098166666666667;0.9069
4;133;0.8920166666666667;0.8912
4;134;0.9048666666666667;0.904
4;135;0.9004333333333333;0.8993
4;136;0.90585;0.9058
4;137;0.9036;0.9031
4;138;0.9068666666666667;0.904
4;139;0.9048833333333334;0.9019
4;140;0.9032333333333333;0.9015
4;141;0.9049833333333334;0.9066
4;142;0.9044666666666666;0.9005
4;143;0.906;0.9069
4;144;0.9059;0.9019
4;145;0.8947333333333334;0.8969
4;146;0.90865;0.906
4;147;0.9070166666666667;0.9052
4;148;0.9024166666666666;0.8969
4;149;0.9064166666666666;0.9012
4;150;0.9022833333333333;0.9012
4;151;0.9063166666666667;0.9031
4;152;0.9067666666666667;0.903
4;153;0.9059666666666667;0.9045
4;154;0.9004666666666666;0.8998
4;155;0.9040166666666667;0.9029
4;156;0.8988333333333334;0.8969
4;157;0.9016166666666666;0.9001
4;158;0.9012666666666667;0.9022
4;159;0.8995166666666666;0.8986
4;160;0.9076666666666666;0.9048
4;161;0.9041666666666667;0.9018
4;162;0.9026833333333333;0.9027
4;163;0.9001833333333333;0.8988
4;164;0.9007166666666667;0.9003
4;165;0.9075;0.906
4;166;0.90605;0.9049
4;167;0.9021833333333333;0.9027
4;168;0.9036333333333333;0.9021
4;169;0.9037333333333334;0.9045
4;170;0.9049833333333334;0.9058
4;171;0.9023;0.8983
4;172;0.8973333333333333;0.8973
4;173;0.9018166666666667;0.9002
4;174;0.9029833333333334;0.9017
4;175;0.90585;0.9069
4;176;0.9050833333333334;0.9001
4;177;0.9029166666666667;0.9005
4;178;0.9015666666666666;0.8995
4;179;0.9006;0.9025
4;180;0.90065;0.9015
4;181;0.9036333333333333;0.9018
4;182;0.9093666666666667;0.9063
4;183;0.9007166666666667;0.9001
4;184;0.9015;0.9022
4;185;0.902;0.9008
4;186;0.9057666666666667;0.9047
4;187;0.9024833333333333;0.9008
4;188;0.9064333333333333;0.9042
4;189;0.90585;0.9043
4;190;0.9083333333333333;0.9063
4;191;0.90635;0.9063
4;192;0.90315;0.9028
4;193;0.9068;0.9033
4;194;0.9015166666666666;0.8994
4;195;0.9050333333333334;0.9026
4;196;0.9018333333333334;0.9013
4;197;0.8975;0.899
4;198;0.9078333333333334;0.9049
4;199;0.9079333333333334;0.9031
5;0;0.9008166666666667;0.901
5;1;0.8987333333333334;0.9017
5;2;0.9079833333333334;0.9024
5;3;0.9052;0.9058
5;4;0.9039;0.9024
5;5;0.9082333333333333;0.9047
5;6;0.9018166666666667;0.9004
5;7;0.9023;0.9014
5;8;0.8940833333333333;0.8926
5;9;0.8999833333333334;0.9011
5;10;0.9013666666666666;0.9029
5;11;0.9017;0.9039
5;12;0.9058333333333334;0.9038
5;13;0.8975;0.8992
5;14;0.9059166666666667;0.9058
5;15;0.9063833333333333;0.9021
5;16;0.90455;0.902
5;17;0.9085833333333333;0.9063
5;18;0.9038;0.9027
5;19;0.8974666666666666;0.8962
5;20;0.9039;0.9035
5;21;0.9037833333333334;0.9023
5;22;0.9048833333333334;0.9035
5;23;0.9043333333333333;0.9047
5;24;0.9057333333333333;0.9059
5;25;0.90645;0.904
5;26;0.9064;0.903
5;27;0.9021666666666667;0.9001
5;28;0.9067833333333334;0.907
5;29;0.9073666666666667;0.9035
5;30;0.90625;0.9037
5;31;0.9034;0.903
5;32;0.9010166666666667;0.8982
5;33;0.9066666666666666;0.9051
5;34;0.9038833333333334;0.9022
5;35;0.8998833333333334;0.9
5;36;0.89965;0.8977
5;37;0.8957833333333334;0.8979
5;38;0.9019166666666667;0.8957
5;39;0.8951833333333333;0.8964
5;40;0.89875;0.8979
5;41;0.9026166666666666;0.9023
5;42;0.9011666666666667;0.8986
5;43;0.9040333333333334;0.9043
5;44;0.90315;0.9013
5;45;0.9028833333333334;0.9013
5;46;0.8999666666666667;0.9009
5;47;0.9003;0.8989
5;48;0.9064;0.9044
5;49;0.9002166666666667;0.8994
5;50;0.9013833333333333;0.8994
5;51;0.90185;0.8995
5;52;0.9068666666666667;0.9058
5;53;0.9063333333333333;0.9038
5;54;0.9105333333333333;0.9066
5;55;0.9083833333333333;0.9085
5;56;0.9103;0.9079
5;57;0.9039166666666667;0.9026
5;58;0.8972;0.8959
5;59;0.90245;0.9023
5;60;0.9063;0.9065
5;61;0.9047166666666666;0.9041
5;62;0.9044333333333333;0.9013
5;63;0.9030833333333333;0.9038
5;64;0.9068333333333334;0.9057
5;65;0.9019833333333334;0.8991
5;66;0.8965666666666666;0.8978
5;67;0.9002333333333333;0.8999
5;68;0.8996;0.9003
5;69;0.9069833333333334;0.904
5;70;0.90385;0.9042
5;71;0.90175;0.9022
5;72;0.9060333333333334;0.9047
5;73;0.9033;0.9006
5;74;0.90485;0.9024
5;75;0.9032;0.9019
5;76;0.9015166666666666;0.9025
5;77;0.9054333333333333;0.9016
5;78;0.9053666666666667;0.9036
5;79;0.9026833333333333;0.8999
5;80;0.8994166666666666;0.8981
5;81;0.90115;0.9005
5;82;0.8990333333333334;0.9004
5;83;0.9048166666666667;0.904
5;84;0.9053666666666667;0.9035
5;85;0.90245;0.8998
5;86;0.9033833333333333;0.9025
5;87;0.9015666666666666;0.8991
5;88;0.9056666666666666;0.9052
5;89;0.9044166666666666;0.9039
5;90;0.90485;0.9009
5;91;0.8999833333333334;0.8988
5;92;0.9026166666666666;0.9024
5;93;0.9036;0.902
5;94;0.9031333333333333;0.9023
5;95;0.90425;0.8987
5;96;0.9012333333333333;0.9
5;97;0.8945;0.8921
5;98;0.90325;0.9018
5;99;0.9008833333333334;0.9013
5;100;0.9088666666666667;0.9055
5;101;0.899;0.8989
5;102;0.9004666666666666;0.9021
5;103;0.89765;0.8964
5;104;0.9048;0.9029
5;105;0.9077333333333333;0.9026
5;106;0.9024333333333333;0.8999
5;107;0.90605;0.9034
5;108;0.9009333333333334;0.8997
5;109;0.9068833333333334;0.9038
5;110;0.9043666666666667;0.9036
5;111;0.8969333333333334;0.8975
5;112;0.9083833333333333;0.9049
5;113;0.9006666666666666;0.9005
5;114;0.90945;0.9085
5;115;0.90475;0.9034
5;116;0.8985833333333333;0.8983
5;117;0.9069666666666667;0.9053
5;118;0.9030166666666667;0.9021
5;119;0.9068333333333334;0.9044
5;120;0.9069;0.9046
5;121;0.90365;0.9033
5;122;0.9007;0.9009
5;123;0.9028833333333334;0.9002
5;124;0.9068666666666667;0.9054
5;125;0.9089333333333334;0.908
5;126;0.8986333333333333;0.8996
5;127;0.9012666666666667;0.8985
5;128;0.9015166666666666;0.9032
5;129;0.9014;0.9019
5;130;0.906;0.9041
5;131;0.9086166666666666;0.9052
5;132;0.9049;0.9026
5;133;0.9047333333333333;0.9025
5;134;0.89755;0.8966
5;135;0.9069;0.905
5;136;0.9018333333333334;0.9023
5;137;0.9037833333333334;0.9024
5;138;0.90065;0.9
5;139;0.8996333333333333;0.9005
5;140;0.9031833333333333;0.902
5;141;0.9018166666666667;0.9018
5;142;0.9036166666666666;0.9013
5;143;0.9029333333333334;0.9029
5;144;0.9038333333333334;0.9004
5;145;0.9067166666666666;0.9047
5;146;0.8969166666666667;0.9
5;147;0.9053666666666667;0.9058
5;148;0.90925;0.9067
5;149;0.9072333333333333;0.9034
5;150;0.9057333333333333;0.9057
5;151;0.9026166666666666;0.901
5;152;0.9016333333333333;0.8987
5;153;0.9041333333333333;0.9008
5;154;0.8991;0.897
5;155;0.9014;0.9007
5;156;0.8974833333333333;0.8978
5;157;0.9072;0.9058
5;158;0.8947;0.8963
5;159;0.9064333333333333;0.9039
5;160;0.90475;0.9037
5;161;0.8973;0.8973
5;162;0.9003666666666666;0.902
5;163;0.9036166666666666;0.9028
5;164;0.9047333333333333;0.9019
5;165;0.9005;0.8988
5;166;0.9014333333333333;0.9016
5;167;0.9008;0.8991
5;168;0.9053166666666667;0.9045
5;169;0.9079333333333334;0.9045
5;170;0.8993333333333333;0.901
5;171;0.9041333333333333;0.902
5;172;0.9051;0.9025
5;173;0.9073833333333333;0.9049
5;174;0.9069;0.9015
5;175;0.8959;0.8974
5;176;0.9018166666666667;0.9014
5;177;0.90815;0.9066
5;178;0.8977833333333334;0.8964
5;179;0.9033166666666667;0.902
5;180;0.8951666666666667;0.8995
5;181;0.9057666666666667;0.9027
5;182;0.9039;0.902
5;183;0.9047666666666667;0.9037
5;184;0.9083666666666667;0.9063
5;185;0.8998833333333334;0.8982
5;186;0.9070833333333334;0.906
5;187;0.9030666666666667;0.901
5;188;0.90455;0.901
5;189;0.9079166666666667;0.9054
5;190;0.9022666666666667;0.8998
5;191;0.9057666666666667;0.902
5;192;0.9046666666666666;0.9031
5;193;0.9003666666666666;0.9016
5;194;0.9049333333333334;0.9016
5;195;0.89895;0.8987
5;196;0.9069666666666667;0.9036
5;197;0.9035;0.9015
5;198;0.9056166666666666;0.9036
5;199;0.8991833333333333;0.8978
6;0;0.9019833333333334;0.9036
6;1;0.8999833333333334;0.8985
6;2;0.9054833333333333;0.9032
6;3;0.9063333333333333;0.9038
6;4;0.9006;0.899
6;5;0.90525;0.9022
6;6;0.8998333333333334;0.8971
6;7;0.90835;0.9054
6;8;0.9080166666666667;0.9057
6;9;0.9067333333333333;0.9039
6;10;0.90285;0.9011
6;11;0.9038;0.9022
6;12;0.9053166666666667;0.9051
6;13;0.9043333333333333;0.9024
6;14;0.9049833333333334;0.9049
6;15;0.9066833333333333;0.9053
6;16;0.9080333333333334;0.9078
6;17;0.9022666666666667;0.9021
6;18;0.9046666666666666;0.9041
6;19;0.9004;0.8981
6;20;0.9009333333333334;0.9004
6;21;0.90245;0.9025
6;22;0.9035666666666666;0.9024
6;23;0.9017;0.899
6;24;0.9039833333333334;0.9029
6;25;0.9084666666666666;0.9065
6;26;0.9008333333333334;0.9
6;27;0.9050333333333334;0.9012
6;28;0.9032333333333333;0.9004
6;29;0.9060666666666667;0.9026
6;30;0.90725;0.9058
6;31;0.9006833333333333;0.9017
6;32;0.9086333333333333;0.9074
6;33;0.9057;0.9045
6;34;0.90505;0.9052
6;35;0.90235;0.9035
6;36;0.90645;0.9036
6;37;0.9050333333333334;0.9051
6;38;0.9026333333333333;0.9028
6;39;0.9058666666666667;0.9034
6;40;0.9032833333333333;0.9012
6;41;0.9055833333333333;0.9046
6;42;0.90235;0.8999
6;43;0.9055666666666666;0.9026
6;44;0.90975;0.9082
6;45;0.9006;0.9006
6;46;0.89725;0.8962
6;47;0.9005666666666666;0.9002
6;48;0.8979833333333334;0.899
6;49;0.9045;0.9036
6;50;0.9055;0.9036
6;51;0.9013;0.9012
6;52;0.9013;0.901
6;53;0.9048;0.9045
6;54;0.8975166666666666;0.8956
6;55;0.89855;0.8987
6;56;0.8926;0.8946
6;57;0.9031333333333333;0.9013
6;58;0.9081333333333333;0.9064
6;59;0.9013166666666667;0.902
6;60;0.90145;0.9022
6;61;0.8992833333333333;0.901
6;62;0.9050333333333334;0.9032
6;63;0.9022166666666667;0.9023
6;64;0.9039833333333334;0.9031
6;65;0.8984166666666666;0.8967
6;66;0.907;0.9069
6;67;0.89125;0.8926
6;68;0.9025333333333333;0.9028
6;69;0.8992;0.8985
6;70;0.90045;0.8994
6;71;0.9032833333333333;0.9021
6;72;0.9021166666666667;0.9019
6;73;0.9043666666666667;0.9046
6;74;0.8995166666666666;0.902
6;75;0.9085333333333333;0.9046
6;76;0.9076;0.9037
6;77;0.9019833333333334;0.8993
6;78;0.9005666666666666;0.9009
6;79;0.90155;0.9024
6;80;0.9051666666666667;0.9031
6;81;0.9040333333333334;0.9024
6;82;0.9080833333333334;0.9071
6;83;0.8978;0.8985
6;84;0.9045833333333333;0.8998
6;85;0.90005;0.8982
6;86;0.8996;0.8982
6;87;0.9027;0.9019
6;88;0.9029166666666667;0.9031
6;89;0.904;0.9038
6;90;0.9066666666666666;0.9031
6;91;0.9094;0.907
6;92;0.9051;0.9028
6;93;0.904;0.9029
6;94;0.9007833333333334;0.8967
6;95;0.9081333333333333;0.9038
6;96;0.90055;0.8995
6;97;0.9060333333333334;0.9038
6;98;0.9008333333333334;0.8993
6;99;0.9053333333333333;0.9016
6;100;0.8975833333333333;0.8994
6;101;0.9031333333333333;0.9024
6;102;0.9065166666666666;0.9044
6;103;0.903;0.9051
6;104;0.9045666666666666;0.9006
6;105;0.9061666666666667;0.9047
6;106;0.9054833333333333;0.9047
6;107;0.9076333333333333;0.9039
6;108;0.905;0.9027
6;109;0.9030166666666667;0.9026
6;110;0.9092;0.906
6;111;0.90065;0.9013
6;112;0.9038;0.9039
6;113;0.9017666666666667;0.8992
6;114;0.9055;0.9021
6;115;0.9005;0.8983
6;116;0.90175;0.9033
6;117;0.9044166666666666;0.9034
6;118;0.9063666666666667;0.9031
6;119;0.9071;0.9079
6;120;0.903;0.9016
6;121;0.90275;0.8996
6;122;0.9012666666666667;0.9003
6;123;0.9047833333333334;0.9017
6;124;0.9090833333333334;0.9056
6;125;0.9012166666666667;0.8997
6;126;0.8993333333333333;0.8964
6;127;0.8996166666666666;0.8957
6;128;0.9017333333333334;0.8984
6;129;0.8984833333333333;0.8981
6;130;0.9082666666666667;0.9063
6;131;0.8997333333333334;0.9007
6;132;0.9077333333333333;0.9044
6;133;0.9032666666666667;0.9029
6;134;0.9073333333333333;0.9047
6;135;0.9003;0.9004
6;136;0.9057166666666666;0.905
6;137;0.9048666666666667;0.903
6;138;0.8946833333333334;0.8966
6;139;0.9031166666666667;0.9029
6;140;0.9097166666666666;0.9071
6;141;0.9029833333333334;0.9031
6;142;0.9024;0.9002
6;143;0.9085;0.9064
6;144;0.9075666666666666;0.9058
6;145;0.9023333333333333;0.9018
6;146;0.9039;0.9024
6;147;0.89415;0.896
6;148;0.9060666666666667;0.903
6;149;0.90365;0.9051
6;150;0.9062666666666667;0.9058
6;151;0.9074;0.9047
6;152;0.8973166666666667;0.896
6;153;0.8950666666666667;0.8948
6;154;0.9062166666666667;0.9049
6;155;0.9053166666666667;0.9031
6;156;0.90135;0.9024
6;157;0.9076833333333333;0.906
6;158;0.9074666666666666;0.9035
6;159;0.9066666666666666;0.9042
6;160;0.90245;0.9018
6;161;0.9043833333333333;0.9043
6;162;0.9044;0.9041
6;163;0.9047166666666666;0.9031
6;164;0.9016833333333333;0.9009
6;165;0.8986166666666666;0.8976
6;166;0.8974833333333333;0.8953
6;167;0.9002166666666667;0.9002
6;168;0.9008333333333334;0.9021
6;169;0.9051;0.9039
6;170;0.9054666666666666;0.9047
6;171;0.90915;0.9066
6;172;0.9044833333333333;0.9023
6;173;0.9073666666666667;0.9049
6;174;0.9015166666666666;0.902
6;175;0.9050833333333334;0.9012
6;176;0.8988166666666667;0.8969
6;177;0.9002666666666667;0.9003
6;178;0.9058833333333334;0.9027
6;179;0.9079166666666667;0.9043
6;180;0.9069;0.9051
6;181;0.9009833333333334;0.9008
6;182;0.9056;0.9037
6;183;0.9043333333333333;0.9021
6;184;0.9047;0.9054
6;185;0.9027;0.9029
6;186;0.9077666666666667;0.9053
6;187;0.9048333333333334;0.9016
6;188;0.9008166666666667;0.9006
6;189;0.8964333333333333;0.8965
6;190;0.9046833333333333;0.9026
6;191;0.9008666666666667;0.9007
6;192;0.9057166666666666;0.9018
6;193;0.9053833333333333;0.9019
6;194;0.9045333333333333;0.9041
6;195;0.9048;0.903
6;196;0.89575;0.8936
6;197;0.9023;0.9001
6;198;0.9015833333333333;0.9015
6;199;0.9058666666666667;0.9028
7;0;0.9049666666666667;0.9014
7;1;0.90705;0.9049
7;2;0.9076666666666666;0.9053
7;3;0.9064666666666666;0.9058
7;4;0.9001;0.8975
7;5;0.9022;0.9002
7;6;0.8991666666666667;0.8996
7;7;0.9045;0.9076
7;8;0.9059666666666667;0.9054
7;9;0.9058;0.904
7;10;0.9051;0.9043
7;11;0.9038333333333334;0.8987
7;12;0.9081;0.9056
7;13;0.90355;0.9031
7;14;0.8940833333333333;0.8965
7;15;0.9041;0.9022
7;16;0.8994333333333333;0.8994
7;17;0.9069166666666667;0.9042
7;18;0.9058833333333334;0.9036
7;19;0.9048333333333334;0.9028
7;20;0.9047833333333334;0.903
7;21;0.9027166666666666;0.9019
7;22;0.9093833333333333;0.9068
7;23;0.9018166666666667;0.9017
7;24;0.9068333333333334;0.9049
7;25;0.8990166666666667;0.8964
7;26;0.89815;0.8981
7;27;0.90575;0.9033
7;28;0.90505;0.902
7;29;0.9081166666666667;0.9056
7;30;0.9025666666666666;0.9031
7;31;0.9026666666666666;0.9014
7;32;0.9032;0.9016
7;33;0.9105333333333333;0.9083
7;34;0.90325;0.9021
7;35;0.9083333333333333;0.9058
7;36;0.9003666666666666;0.8963
7;37;0.90295;0.9016
7;38;0.9058333333333334;0.9048
7;39;0.9053666666666667;0.9047
7;40;0.9043166666666667;0.9025
7;41;0.9075;0.9041
7;42;0.8973833333333333;0.8968
7;43;0.8965166666666666;0.8939
7;44;0.8963166666666667;0.8987
7;45;0.9076833333333333;0.9073
7;46;0.9059;0.9034
7;47;0.9063333333333333;0.906
7;48;0.9080833333333334;0.9072
7;49;0.8946833333333334;0.8936
7;50;0.9007833333333334;0.8991
7;51;0.9014;0.9008
7;52;0.9049666666666667;0.9022
7;53;0.9013666666666666;0.903
7;54;0.90505;0.902
7;55;0.9072;0.9084
7;56;0.9060166666666667;0.905
7;57;0.9039;0.9052
7;58;0.9043666666666667;0.9051
7;59;0.9053666666666667;0.9071
7;60;0.9029333333333334;0.9022
7;61;0.90375;0.9031
7;62;0.9059166666666667;0.9088
7;63;0.9031;0.9016
7;64;0.9021;0.9017
7;65;0.9019833333333334;0.9002
7;66;0.9028833333333334;0.9025
7;67;0.89905;0.8989
7;68;0.90605;0.9039
7;69;0.9055833333333333;0.9072
7;70;0.9034333333333333;0.9021
7;71;0.9004833333333333;0.9005
7;72;0.8997166666666667;0.8976
7;73;0.8989333333333334;0.9001
7;74;0.8954333333333333;0.8958
7;75;0.9071666666666667;0.9065
7;76;0.9009;0.9005
7;77;0.8987666666666667;0.8998
7;78;0.9042833333333333;0.9022
7;79;0.9087333333333333;0.9058
7;80;0.9066666666666666;0.9076
7;81;0.9013833333333333;0.8991
7;82;0.89625;0.8968
7;83;0.90425;0.904
7;84;0.9028;0.9015
7;85;0.90045;0.9008
7;86;0.9077;0.9038
7;87;0.9056333333333333;0.9032
7;88;0.8995833333333333;0.8988
7;89;0.9075;0.9038
7;90;0.9051833333333333;0.9034
7;91;0.9016333333333333;0.9026
7;92;0.9085166666666666;0.9073
7;93;0.90635;0.9057
7;94;0.9028166666666667;0.9004
7;95;0.90525;0.9045
7;96;0.9067833333333334;0.9032
7;97;0.9084;0.9079
7;98;0.9058333333333334;0.904
7;99;0.9052;0.9037
7;100;0.9013333333333333;0.8999
7;101;0.9037333333333334;0.9021
7;102;0.8938833333333334;0.8956
7;103;0.9054166666666666;0.9045
7;104;0.9036833333333333;0.9027
7;105;0.9024;0.9
7;106;0.90605;0.9051
7;107;0.9036833333333333;0.9027
7;108;0.90265;0.9007
7;109;0.9046166666666666;0.9023
7;110;0.8958;0.8989
7;111;0.9048333333333334;0.899
7;112;0.9014;0.9005
7;113;0.9010333333333334;0.8981
7;114;0.9071;0.9055
7;115;0.8998;0.9004
7;116;0.9079;0.904
7;117;0.9021333333333333;0.9011
7;118;0.9008166666666667;0.8985
7;119;0.9039333333333334;0.9039
7;120;0.8961;0.8949
7;121;0.9059166666666667;0.9052
7;122;0.9029333333333334;0.9015
7;123;0.90375;0.9046
7;124;0.9020333333333334;0.902
7;125;0.8957833333333334;0.8937
7;126;0.9005166666666666;0.8974
7;127;0.9070333333333334;0.9061
7;128;0.9057166666666666;0.9039
7;129;0.9017666666666667;0.8993
7;130;0.89825;0.8996
7;131;0.8891;0.886
7;132;0.9062833333333333;0.9051
7;133;0.9075333333333333;0.9048
7;134;0.9035166666666666;0.902
7;135;0.9089;0.9065
7;136;0.9052333333333333;0.9013
7;137;0.903;0.9018
7;138;0.90715;0.9047
7;139;0.9066;0.9039
7;140;0.9054833333333333;0.9042
7;141;0.90125;0.9035
7;142;0.90785;0.9072
7;143;0.8992833333333333;0.8989
7;144;0.9064333333333333;0.906
7;145;0.9076166666666666;0.9057
7;146;0.90305;0.9027
7;147;0.9047666666666667;0.9043
7;148;0.9112833333333333;0.9083
7;149;0.9022833333333333;0.9011
7;150;0.9064833333333333;0.9062
7;151;0.9017;0.8987
7;152;0.9031333333333333;0.9016
7;153;0.89885;0.8974
7;154;0.9027333333333334;0.9003
7;155;0.9013;0.9011
7;156;0.8983833333333333;0.8957
7;157;0.9011;0.8954
7;158;0.90375;0.9028
7;159;0.9035833333333333;0.9034
7;160;0.9013666666666666;0.9041
7;161;0.9058;0.9035
7;162;0.9027333333333334;0.903
7;163;0.9039333333333334;0.9028
7;164;0.8964666666666666;0.8939
7;165;0.9061666666666667;0.9013
7;166;0.9018;0.9027
7;167;0.9041666666666667;0.9034
7;168;0.8949666666666667;0.8943
7;169;0.9064166666666666;0.9072
7;170;0.8983166666666667;0.8984
7;171;0.9036833333333333;0.9028
7;172;0.9009666666666667;0.8988
7;173;0.90645;0.9056
7;174;0.9060166666666667;0.9063
7;175;0.9040833333333333;0.905
7;176;0.9043;0.9051
7;177;0.8957333333333334;0.894
7;178;0.9017;0.9004
7;179;0.8962666666666667;0.898
7;180;0.90565;0.8997
7;181;0.8998;0.8976
7;182;0.9105;0.9074
7;183;0.9036;0.9015
7;184;0.9004666666666666;0.8979
7;185;0.8993333333333333;0.8958
7;186;0.9029166666666667;0.9031
7;187;0.9068;0.9071
7;188;0.9007333333333334;0.8996
7;189;0.8973833333333333;0.8952
7;190;0.9068333333333334;0.906
7;191;0.90455;0.9027
7;192;0.9001333333333333;0.8984
7;193;0.9055166666666666;0.9039
7;194;0.909;0.905
7;195;0.9047333333333333;0.9038
7;196;0.9072166666666667;0.9042
7;197;0.90855;0.9054
7;198;0.9096166666666666;0.9048
7;199;0.90645;0.9056
8;0;0.89515;0.8924
8;1;0.90585;0.9022
8;2;0.9034;0.9024
8;3;0.9056666666666666;0.9039
8;4;0.8990166666666667;0.8987
8;5;0.9066666666666666;0.9047
8;6;0.9033666666666667;0.9047
8;7;0.9037166666666666;0.9039
8;8;0.9064166666666666;0.9041
8;9;0.9039666666666667;0.9024
8;10;0.9083333333333333;0.9071
8;11;0.9077;0.9078
8;12;0.90545;0.9068
8;13;0.9062333333333333;0.9022
8;14;0.90205;0.9031
8;15;0.9034;0.9005
8;16;0.8995333333333333;0.8997
8;17;0.9041333333333333;0.9008
8;18;0.9037833333333334;0.9006
8;19;0.9088;0.9062
8;20;0.90435;0.9033
8;21;0.9042666666666667;0.9019
8;22;0.90465;0.9053
8;23;0.9065;0.9057
8;24;0.90455;0.9025
8;25;0.9067166666666666;0.9059
8;26;0.9042;0.9067
8;27;0.9023833333333333;0.9024
8;28;0.90165;0.8988
8;29;0.9053;0.9031
8;30;0.899;0.8999
8;31;0.9056833333333333;0.9044
8;32;0.9033166666666667;0.8996
8;33;0.9047;0.9037
8;34;0.9088166666666667;0.9079
8;35;0.8960833333333333;0.8969
8;36;0.89715;0.8983
8;37;0.9004833333333333;0.8963
8;38;0.90325;0.9025
8;39;0.9062666666666667;0.9039
8;40;0.9017166666666667;0.9033
8;41;0.9027333333333334;0.9013
8;42;0.9078166666666667;0.9049
8;43;0.9078833333333334;0.9089
8;44;0.9031666666666667;0.9023
8;45;0.9022666666666667;0.9008
8;46;0.9042833333333333;0.9028
8;47;0.9045;0.9021
8;48;0.9047166666666666;0.9005
8;49;0.9011666666666667;0.8993
8;50;0.9072;0.9037
8;51;0.9079333333333334;0.9073
8;52;0.8934666666666666;0.8956
8;53;0.9067166666666666;0.9048
8;54;0.9041;0.9012
8;55;0.9032;0.9024
8;56;0.9010666666666667;0.8999
8;57;0.90085;0.9005
8;58;0.9045333333333333;0.9022
8;59;0.9023;0.9025
8;60;0.9001;0.9009
8;61;0.90535;0.904
8;62;0.9063;0.9019
8;63;0.9080833333333334;0.9044
8;64;0.9083166666666667;0.9059
8;65;0.9080166666666667;0.9024
8;66;0.9022166666666667;0.9002
8;67;0.8998166666666667;0.9011
8;68;0.9012666666666667;0.8991
8;69;0.9037333333333334;0.9017
8;70;0.9000666666666667;0.9015
8;71;0.90205;0.9024
8;72;0.9046666666666666;0.903
8;73;0.8970666666666667;0.8978
8;74;0.9016666666666666;0.9005
8;75;0.89765;0.8981
8;76;0.89815;0.9002
8;77;0.89735;0.897
8;78;0.9090666666666667;0.9064
8;79;0.9058166666666667;0.9034
8;80;0.90765;0.905
8;81;0.9036;0.9029
8;82;0.9058833333333334;0.9043
8;83;0.9071666666666667;0.9039
8;84;0.9046833333333333;0.9032
8;85;0.9056666666666666;0.9053
8;86;0.9067833333333334;0.9028
8;87;0.90955;0.9051
8;88;0.9061833333333333;0.9039
8;89;0.90605;0.9047
8;90;0.9047333333333333;0.9047
8;91;0.8939833333333334;0.893
8;92;0.9038666666666667;0.9023
8;93;0.90545;0.9037
8;94;0.9018833333333334;0.9
8;95;0.90785;0.9066
8;96;0.9099;0.9086
8;97;0.9030333333333334;0.902
8;98;0.9026166666666666;0.9011
8;99;0.9071666666666667;0.9054
8;100;0.9053166666666667;0.9033
8;101;0.9071333333333333;0.9047
8;102;0.9056833333333333;0.904
8;103;0.8985833333333333;0.8976
8;104;0.9078666666666667;0.9062
8;105;0.9057833333333334;0.9029
8;106;0.9027666666666667;0.902
8;107;0.9052666666666667;0.9017
8;108;0.9023333333333333;0.8999
8;109;0.9006666666666666;0.8984
8;110;0.90075;0.9001
8;111;0.9060833333333334;0.9064
8;112;0.9030166666666667;0.9018
8;113;0.90325;0.8992
8;114;0.90195;0.9029
8;115;0.9025166666666666;0.9023
8;116;0.89765;0.8968
8;117;0.9076166666666666;0.907
8;118;0.90445;0.9022
8;119;0.8951166666666667;0.8969
8;120;0.9040333333333334;0.9022
8;121;0.90555;0.9057
8;122;0.9043666666666667;0.9026
8;123;0.9040166666666667;0.9029
8;124;0.9031;0.903
8;125;0.9066;0.903
8;126;0.9048166666666667;0.9054
8;127;0.9015333333333333;0.9003
8;128;0.8977833333333334;0.8978
8;129;0.8997666666666667;0.8999
8;130;0.89705;0.8939
8;131;0.9006333333333333;0.901
8;132;0.90265;0.9014
8;133;0.906;0.9043
8;134;0.90265;0.9016
8;135;0.9033166666666667;0.9036
8;136;0.9008833333333334;0.8992
8;137;0.8996166666666666;0.8982
8;138;0.9014666666666666;0.9021
8;139;0.9025333333333333;0.9029
8;140;0.9053666666666667;0.9057
8;141;0.90815;0.9043
8;142;0.9022166666666667;0.9013
8;143;0.89615;0.8971
8;144;0.9014;0.9013
8;145;0.9024166666666666;0.9021
8;146;0.9013666666666666;0.901
8;147;0.9034666666666666;0.9004
8;148;0.9026333333333333;0.9032
8;149;0.90665;0.906
8;150;0.9013166666666667;0.8993
8;151;0.8986333333333333;0.8973
8;152;0.89995;0.8995
8;153;0.8996333333333333;0.8998
8;154;0.9041666666666667;0.9019
8;155;0.9028666666666667;0.8995
8;156;0.9029833333333334;0.9009
8;157;0.90695;0.9047
8;158;0.9056;0.9036
8;159;0.8986833333333333;0.9011
8;160;0.9026666666666666;0.9019
8;161;0.9065;0.9036
8;162;0.9050333333333334;0.9013
8;163;0.9046833333333333;0.9045
8;164;0.90535;0.905
8;165;0.9004333333333333;0.901
8;166;0.9054166666666666;0.9054
8;167;0.9074166666666666;0.907
8;168;0.8990333333333334;0.8995
8;169;0.9009333333333334;0.8999
8;170;0.9074833333333333;0.9073
8;171;0.903;0.9029
8;172;0.9045833333333333;0.9033
8;173;0.8979166666666667;0.8954
8;174;0.8991666666666667;0.8963
8;175;0.9064;0.9066
8;176;0.9038333333333334;0.9043
8;177;0.9061;0.907
8;178;0.89975;0.8992
8;179;0.89865;0.9001
8;180;0.89965;0.9003
8;181;0.9031166666666667;0.9013
8;182;0.8945166666666666;0.8949
8;183;0.90985;0.9085
8;184;0.9033;0.9034
8;185;0.8964166666666666;0.8985
8;186;0.9048833333333334;0.9011
8;187;0.9046166666666666;0.9032
8;188;0.9077333333333333;0.9049
8;189;0.9057666666666667;0.9045
8;190;0.9031;0.9032
8;191;0.9008;0.9022
8;192;0.8964166666666666;0.8965
8;193;0.9071833333333333;0.9061
8;194;0.9033166666666667;0.9041
8;195;0.90355;0.9035
8;196;0.90165;0.9026
8;197;0.9063166666666667;0.9051
8;198;0.9044666666666666;0.9036
8;199;0.9047833333333334;0.9022
9;0;0.9054;0.9043
9;1;0.89895;0.8995
9;2;0.90455;0.9038
9;3;0.9049166666666667;0.9032
9;4;0.9055333333333333;0.9039
9;5;0.9026333333333333;0.9014
9;6;0.9039;0.9043
9;7;0.9052833333333333;0.904
9;8;0.9032;0.9019
9;9;0.8983;0.8964
9;10;0.8988;0.9
9;11;0.8989666666666667;0.897
9;12;0.8991166666666667;0.8994
9;13;0.9029166666666667;0.901
9;14;0.9039;0.9045
9;15;0.9051666666666667;0.9052
9;16;0.9031833333333333;0.902
9;17;0.8905;0.894
9;18;0.8975833333333333;0.8997
9;19;0.9021333333333333;0.8986
9;20;0.9021;0.9018
9;21;0.8987666666666667;0.8979
9;22;0.9077;0.9049
9;23;0.9039666666666667;0.9032
9;24;0.9054333333333333;0.9064
9;25;0.9051166666666667;0.9028
9;26;0.90365;0.9026
9;27;0.9018;0.9008
9;28;0.90735;0.9046
9;29;0.9022666666666667;0.9012
9;30;0.9018666666666667;0.9019
9;31;0.9061333333333333;0.9053
9;32;0.899;0.9006
9;33;0.90905;0.9059
9;34;0.9053333333333333;0.9024
9;35;0.90425;0.9051
9;36;0.8986333333333333;0.8946
9;37;0.89755;0.8979
9;38;0.9023;0.9012
9;39;0.90805;0.9039
9;40;0.9057166666666666;0.9031
9;41;0.9016666666666666;0.9011
9;42;0.9080166666666667;0.9062
9;43;0.9062166666666667;0.9026
9;44;0.9010833333333333;0.9006
9;45;0.9086166666666666;0.9053
9;46;0.9048;0.9028
9;47;0.9067166666666666;0.9043
9;48;0.9052333333333333;0.9012
9;49;0.9029;0.8999
9;50;0.9041;0.9005
9;51;0.9051833333333333;0.9037
9;52;0.888;0.8933
9;53;0.89535;0.8973
9;54;0.9006833333333333;0.8991
9;55;0.9073833333333333;0.9063
9;56;0.9066166666666666;0.9041
9;57;0.90385;0.9039
9;58;0.9045333333333333;0.9028
9;59;0.9037166666666666;0.9027
9;60;0.9026166666666666;0.9047
9;61;0.90765;0.9047
9;62;0.9029833333333334;0.9008
9;63;0.90615;0.9047
9;64;0.9057333333333333;0.9051
9;65;0.904;0.9026
9;66;0.9082666666666667;0.9046
9;67;0.9065833333333333;0.9034
9;68;0.8967;0.8959
9;69;0.9033333333333333;0.904
9;70;0.90255;0.8996
9;71;0.9012333333333333;0.8991
9;72;0.9050666666666667;0.9025
9;73;0.9067;0.9047
9;74;0.9068;0.9045
9;75;0.9027833333333334;0.9024
9;76;0.9064166666666666;0.9035
9;77;0.9032166666666667;0.901
9;78;0.8959166666666667;0.8996
9;79;0.9051333333333333;0.9051
9;80;0.9038166666666667;0.9033
9;81;0.9068666666666667;0.9053
9;82;0.9004333333333333;0.9008
9;83;0.8984666666666666;0.8984
9;84;0.9003166666666667;0.8983
9;85;0.90075;0.901
9;86;0.9038333333333334;0.9031
9;87;0.9025333333333333;0.9036
9;88;0.9011;0.9004
9;89;0.9014166666666666;0.9023
9;90;0.9003166666666667;0.9016
9;91;0.9008833333333334;0.9008
9;92;0.9097333333333333;0.9058
9;93;0.9068;0.9026
9;94;0.9042333333333333;0.901
9;95;0.90605;0.9056
9;96;0.9067;0.9042
9;97;0.9094166666666667;0.9083
9;98;0.8971;0.8985
9;99;0.9053166666666667;0.9041
9;100;0.90715;0.9073
9;101;0.9070333333333334;0.9035
9;102;0.9051;0.9034
9;103;0.9009166666666667;0.9011
9;104;0.8998166666666667;0.8993
9;105;0.9054333333333333;0.9027
9;106;0.8991;0.8981
9;107;0.89655;0.896
9;108;0.9062833333333333;0.9044
9;109;0.9042333333333333;0.904
9;110;0.9003833333333333;0.8982
9;111;0.9003166666666667;0.9007
9;112;0.9080833333333334;0.9051
9;113;0.9086833333333333;0.9068
9;114;0.9049666666666667;0.9036
9;115;0.8983166666666667;0.8982
9;116;0.90465;0.9019
9;117;0.8997166666666667;0.8972
9;118;0.9045166666666666;0.9017
9;119;0.9063666666666667;0.9046
9;120;0.9054833333333333;0.9038
9;121;0.9031;0.9041
9;122;0.9053666666666667;0.903
9;123;0.9052333333333333;0.9048
9;124;0.8890666666666667;0.8888
9;125;0.9087333333333333;0.906
9;126;0.89745;0.9003
9;127;0.90155;0.901
9;128;0.9048166666666667;0.9034
9;129;0.90395;0.9018
9;130;0.8974;0.8977
9;131;0.9074833333333333;0.9058
9;132;0.9012166666666667;0.8992
9;133;0.9052833333333333;0.9004
9;134;0.8970666666666667;0.8984
9;135;0.9039666666666667;0.9038
9;136;0.9051;0.9029
9;137;0.9021333333333333;0.8986
9;138;0.9021833333333333;0.9017
9;139;0.9068166666666667;0.905
9;140;0.9014833333333333;0.901
9;141;0.90155;0.9009
9;142;0.90185;0.9005
9;143;0.9019166666666667;0.8992
9;144;0.9031;0.9009
9;145;0.9045333333333333;0.9007
9;146;0.9012166666666667;0.9021
9;147;0.9052;0.9044
9;148;0.9027;0.9028
9;149;0.9025333333333333;0.9029
9;150;0.9073166666666667;0.9048
9;151;0.90685;0.9039
9;152;0.9078333333333334;0.9051
9;153;0.90385;0.9033
9;154;0.9044833333333333;0.9041
9;155;0.89625;0.8951
9;156;0.9044;0.9028
9;157;0.9032833333333333;0.8982
9;158;0.9026833333333333;0.9013
9;159;0.9028333333333334;0.9012
9;160;0.9061666666666667;0.907
9;161;0.9066833333333333;0.9039
9;162;0.9081333333333333;0.9066
9;163;0.9025833333333333;0.9024
9;164;0.9029666666666667;0.9017
9;165;0.89965;0.898
9;166;0.9053666666666667;0.903
9;167;0.9075666666666666;0.9071
9;168;0.9049333333333334;0.9021
9;169;0.8993;0.898
9;170;0.90105;0.902
9;171;0.9011666666666667;0.899
9;172;0.9029666666666667;0.9045
9;173;0.8957833333333334;0.8949
9;174;0.90485;0.9027
9;175;0.89945;0.8984
9;176;0.8998833333333334;0.8977
9;177;0.9058;0.9026
9;178;0.9008833333333334;0.9008
9;179;0.9085;0.9073
9;180;0.8972666666666667;0.8971
9;181;0.8996833333333333;0.8996
9;182;0.9065166666666666;0.9043
9;183;0.9018166666666667;0.9
9;184;0.9047;0.9042
9;185;0.9092166666666667;0.9067
9;186;0.8996;0.9012
9;187;0.9077666666666667;0.906
9;188;0.9050666666666667;0.9043
9;189;0.90235;0.9009
9;190;0.9058666666666667;0.9037
9;191;0.90585;0.9039
9;192;0.9046;0.9018
9;193;0.9045166666666666;0.9043
9;194;0.9024833333333333;0.9006
9;195;0.9044;0.9023
9;196;0.9080833333333334;0.9057
9;197;0.9099666666666667;0.9075
9;198;0.9049166666666667;0.9055
9;199;0.9050166666666667;0.903
10;0;0.8923833333333333;0.8888
10;1;0.9045;0.9047
10;2;0.90875;0.9097
10;3;0.9000333333333334;0.9001
10;4;0.9079833333333334;0.9074
10;5;0.9076333333333333;0.9048
10;6;0.9069666666666667;0.9063
10;7;0.8937833333333334;0.8967
10;8;0.9030166666666667;0.901
10;9;0.8971833333333333;0.898
10;10;0.90195;0.901
10;11;0.9061166666666667;0.9062
10;12;0.9059833333333334;0.903
10;13;0.9058666666666667;0.9052
10;14;0.9052333333333333;0.9007
10;15;0.9051166666666667;0.9025
10;16;0.90005;0.9009
10;17;0.89825;0.9011
10;18;0.9041333333333333;0.9062
10;19;0.9093;0.9062
10;20;0.8977666666666667;0.8982
10;21;0.9014833333333333;0.9023
10;22;0.9070666666666667;0.9054
10;23;0.90415;0.9046
10;24;0.9051166666666667;0.9041
10;25;0.9023;0.9002
10;26;0.9043;0.9017
10;27;0.9001333333333333;0.8954
10;28;0.8979166666666667;0.8998
10;29;0.9090166666666667;0.9055
10;30;0.9051666666666667;0.9025
10;31;0.8992333333333333;0.8986
10;32;0.90595;0.9043
10;33;0.90565;0.905
10;34;0.90045;0.8985
10;35;0.901;0.8999
10;36;0.90705;0.9041
10;37;0.90615;0.9042
10;38;0.90835;0.9053
10;39;0.9012666666666667;0.9009
10;40;0.9034833333333333;0.9006
10;41;0.9066;0.9058
10;42;0.89115;0.8924
10;43;0.8987333333333334;0.8981
10;44;0.9054666666666666;0.905
10;45;0.9030333333333334;0.9028
10;46;0.89775;0.8976
10;47;0.90375;0.9014
10;48;0.9011666666666667;0.8997
10;49;0.90135;0.9019
10;50;0.9042333333333333;0.9032
10;51;0.9117;0.9101
10;52;0.9027833333333334;0.9034
10;53;0.9045333333333333;0.9036
10;54;0.9095333333333333;0.9063
10;55;0.9019833333333334;0.9025
10;56;0.8970833333333333;0.8971
10;57;0.9074;0.905
10;58;0.9009833333333334;0.8976
10;59;0.9075666666666666;0.9037
10;60;0.89635;0.8956
10;61;0.9000166666666667;0.9006
10;62;0.9022166666666667;0.9046
10;63;0.9004333333333333;0.9011
10;64;0.8954333333333333;0.8961
10;65;0.9046;0.9009
10;66;0.9066833333333333;0.9051
10;67;0.9026;0.903
10;68;0.9071;0.9065
10;69;0.90035;0.8991
10;70;0.89725;0.8964
10;71;0.9034166666666666;0.9036
10;72;0.9053666666666667;0.9035
10;73;0.8969;0.8947
10;74;0.9024333333333333;0.9022
10;75;0.9005333333333333;0.8995
10;76;0.9024;0.9015
10;77;0.9055166666666666;0.9041
10;78;0.90435;0.9034
10;79;0.8951666666666667;0.8975
10;80;0.90015;0.9002
10;81;0.9010333333333334;0.8988
10;82;0.9041;0.9015
10;83;0.8973;0.8978
10;84;0.9036833333333333;0.9014
10;85;0.9045166666666666;0.9033
10;86;0.9077166666666666;0.9071
10;87;0.9054333333333333;0.9021
10;88;0.9061166666666667;0.9078
10;89;0.9108666666666667;0.9083
10;90;0.9056833333333333;0.9064
10;91;0.9073333333333333;0.9044
10;92;0.9054333333333333;0.9055
10;93;0.8996833333333333;0.8996
10;94;0.9036;0.9005
10;95;0.90245;0.9032
10;96;0.8928833333333334;0.8927
10;97;0.8969833333333334;0.8975
10;98;0.8995333333333333;0.8954
10;99;0.8984666666666666;0.8971
10;100;0.909;0.906
10;101;0.9006833333333333;0.8982
10;102;0.9037333333333334;0.9012
10;103;0.90275;0.9008
10;104;0.9030166666666667;0.9035
10;105;0.9013666666666666;0.9015
10;106;0.90355;0.9004
10;107;0.90355;0.9032
10;108;0.8986666666666666;0.9012
10;109;0.9021333333333333;0.9017
10;110;0.89665;0.8955
10;111;0.9049666666666667;0.9044
10;112;0.9075333333333333;0.9061
10;113;0.9015;0.9009
10;114;0.9099333333333334;0.9066
10;115;0.90665;0.9044
10;116;0.9043166666666667;0.9045
10;117;0.89875;0.8969
10;118;0.9053833333333333;0.906
10;119;0.9029833333333334;0.9003
10;120;0.90785;0.9065
10;121;0.8976333333333333;0.9
10;122;0.90275;0.903
10;123;0.8998666666666667;0.898
10;124;0.90055;0.9011
10;125;0.90695;0.9057
10;126;0.8927833333333334;0.89
10;127;0.9052833333333333;0.9013
10;128;0.9068833333333334;0.9042
10;129;0.9060833333333334;0.9032
10;130;0.8974833333333333;0.898
10;131;0.9021166666666667;0.9002
10;132;0.9010333333333334;0.9004
10;133;0.9051833333333333;0.903
10;134;0.9063666666666667;0.9048
10;135;0.9075333333333333;0.9041
10;136;0.9054;0.9023
10;137;0.8994;0.9007
10;138;0.9076;0.9032
10;139;0.9042666666666667;0.9047
10;140;0.9023;0.8989
10;141;0.9053833333333333;0.9033
10;142;0.9017666666666667;0.9008
10;143;0.9069333333333334;0.9072
10;144;0.8967;0.8935
10;145;0.9050333333333334;0.9045
10;146;0.8995333333333333;0.9012
10;147;0.9075833333333333;0.9062
10;148;0.9031166666666667;0.903
10;149;0.9044666666666666;0.9048
10;150;0.90595;0.9037
10;151;0.902;0.9012
10;152;0.9022333333333333;0.9008
10;153;0.9036333333333333;0.9002
10;154;0.8999666666666667;0.9011
10;155;0.9031166666666667;0.903
10;156;0.9085666666666666;0.9074
10;157;0.9076333333333333;0.9048
10;158;0.9044;0.901
10;159;0.9044;0.9023
10;160;0.8976333333333333;0.8986
10;161;0.9011833333333333;0.9032
10;162;0.9067166666666666;0.9042
10;163;0.90395;0.9018
10;164;0.9043166666666667;0.9039
10;165;0.8999;0.9026
10;166;0.9042;0.9028
10;167;0.9051166666666667;0.9063
10;168;0.9047;0.9028
10;169;0.9075666666666666;0.9051
10;170;0.9050166666666667;0.9017
10;171;0.9084166666666667;0.9068
10;172;0.8969166666666667;0.8967
10;173;0.90405;0.9026
10;174;0.9060833333333334;0.9049
10;175;0.9033833333333333;0.9012
10;176;0.9048;0.9055
10;177;0.9032833333333333;0.9004
10;178;0.8926333333333333;0.8949
10;179;0.9087666666666666;0.9066
10;180;0.9074;0.9042
10;181;0.8971666666666667;0.8985
10;182;0.90225;0.9001
10;183;0.8996;0.9
10;184;0.9027833333333334;0.9016
10;185;0.89895;0.8997
10;186;0.9048166666666667;0.9041
10;187;0.9056;0.9038
10;188;0.9073833333333333;0.9052
10;189;0.9048833333333334;0.9032
10;190;0.90245;0.9034
10;191;0.9040666666666667;0.9021
10;192;0.9019166666666667;0.9028
10;193;0.8992;0.9006
10;194;0.90965;0.9058
10;195;0.9051;0.9043
10;196;0.9038;0.9022
10;197;0.9078333333333334;0.9058
10;198;0.90605;0.9068
10;199;0.9031666666666667;0.9008
11;0;0.9093166666666667;0.9083
11;1;0.9039666666666667;0.9012
11;2;0.9065666666666666;0.9059
11;3;0.9063666666666667;0.9045
11;4;0.8989333333333334;0.8998
11;5;0.9032166666666667;0.8989
11;6;0.90445;0.9056
11;7;0.9030833333333333;0.9039
11;8;0.9068;0.9066
11;9;0.9005833333333333;0.8975
11;10;0.9027666666666667;0.8997
11;11;0.9051;0.9027
11;12;0.9035666666666666;0.9023
11;13;0.9057166666666666;0.904
11;14;0.9001333333333333;0.8976
11;15;0.89925;0.8992
11;16;0.8993166666666667;0.8969
11;17;0.9061833333333333;0.9041
11;18;0.9056;0.9037
11;19;0.9039333333333334;0.904
11;20;0.9031166666666667;0.9022
11;21;0.9058;0.9061
11;22;0.8999;0.9005
11;23;0.9030166666666667;0.9005
11;24;0.9086333333333333;0.9041
11;25;0.90235;0.8991
11;26;0.9027666666666667;0.9027
11;27;0.9019;0.9005
11;28;0.8985666666666666;0.8974
11;29;0.9057166666666666;0.9063
11;30;0.9048;0.8995
11;31;0.9080333333333334;0.9044
11;32;0.9027;0.9035
11;33;0.9062666666666667;0.9035
11;34;0.8996333333333333;0.8988
11;35;0.9045;0.902
11;36;0.8992166666666667;0.8966
11;37;0.89875;0.898
11;38;0.9097833333333334;0.9082
11;39;0.8978;0.8977
11;40;0.89715;0.8979
11;41;0.9034;0.901
11;42;0.90165;0.9005
11;43;0.9017666666666667;0.9014
11;44;0.90495;0.9043
11;45;0.8967166666666667;0.8972
11;46;0.9051;0.9043
11;47;0.9033166666666667;0.9022
11;48;0.9063;0.9038
11;49;0.9035;0.9017
11;50;0.9085833333333333;0.9052
11;51;0.9049166666666667;0.9058
11;52;0.9068666666666667;0.9041
11;53;0.9036;0.9004
11;54;0.9017;0.9022
11;55;0.9008166666666667;0.9
11;56;0.9016166666666666;0.898
11;57;0.9081;0.9069
11;58;0.9064166666666666;0.9066
11;59;0.9024666666666666;0.8977
11;60;0.9023666666666667;0.903
11;61;0.8967666666666667;0.8994
11;62;0.9028333333333334;0.9019
11;63;0.9017833333333334;0.901
11;64;0.8991666666666667;0.8994
11;65;0.9033666666666667;0.9018
11;66;0.9065;0.9025
11;67;0.9033;0.9016
11;68;0.9049833333333334;0.9019
11;69;0.8985833333333333;0.8993
11;70;0.9012833333333333;0.898
11;71;0.8983333333333333;0.8978
11;72;0.90545;0.9073
11;73;0.9038166666666667;0.8984
11;74;0.9069166666666667;0.905
11;75;0.9066;0.9058
11;76;0.9057666666666667;0.9029
11;77;0.90255;0.9007
11;78;0.9035;0.9013
11;79;0.9023833333333333;0.9007
11;80;0.8981;0.8989
11;81;0.9031333333333333;0.9032
11;82;0.9063666666666667;0.9049
11;83;0.9060166666666667;0.9049
11;84;0.9070666666666667;0.9054
11;85;0.9055666666666666;0.9031
11;86;0.9018833333333334;0.9024
11;87;0.9063333333333333;0.9055
11;88;0.8928333333333334;0.896
11;89;0.9017666666666667;0.9012
11;90;0.9054166666666666;0.9045
11;91;0.9057333333333333;0.905
11;92;0.9061166666666667;0.9052
11;93;0.9006666666666666;0.9002
11;94;0.9076166666666666;0.9061
11;95;0.9030833333333333;0.9008
11;96;0.9052666666666667;0.9029
11;97;0.9033333333333333;0.9065
11;98;0.9047833333333334;0.9049
11;99;0.8956666666666667;0.8924
11;100;0.90685;0.9061
11;101;0.9055833333333333;0.9054
11;102;0.90565;0.9018
11;103;0.9013666666666666;0.9021
11;104;0.9036;0.903
11;105;0.9043833333333333;0.906
11;106;0.9062166666666667;0.9053
11;107;0.9048833333333334;0.9051
11;108;0.9065166666666666;0.9046
11;109;0.9037333333333334;0.9053
11;110;0.9033;0.9017
11;111;0.90385;0.904
11;112;0.9003333333333333;0.9026
11;113;0.9086166666666666;0.9081
11;114;0.9026;0.9011
11;115;0.9026833333333333;0.9045
11;116;0.8998166666666667;0.9003
11;117;0.90135;0.9008
11;118;0.9015666666666666;0.8977
11;119;0.9042833333333333;0.9019
11;120;0.90045;0.9008
11;121;0.9032666666666667;0.9
11;122;0.9008166666666667;0.901
11;123;0.9071333333333333;0.9061
11;124;0.9044;0.9003
11;125;0.9058333333333334;0.9024
11;126;0.9061166666666667;0.9079
11;127;0.8967333333333334;0.8956
11;128;0.9041666666666667;0.9048
11;129;0.9023;0.8998
11;130;0.8991166666666667;0.8982
11;131;0.9004;0.8989
11;132;0.9001833333333333;0.8993
11;133;0.9039166666666667;0.9039
11;134;0.89705;0.9
11;135;0.9032;0.9019
11;136;0.8976166666666666;0.8971
11;137;0.9043333333333333;0.9017
11;138;0.8984;0.8968
11;139;0.9031166666666667;0.9009
11;140;0.9035833333333333;0.9017
11;141;0.9018666666666667;0.9013
11;142;0.9048;0.9005
11;143;0.8951166666666667;0.8957
11;144;0.9037666666666667;0.9027
11;145;0.8966166666666666;0.8948
11;146;0.9019;0.8999
11;147;0.8999833333333334;0.8984
11;148;0.9086;0.9056
11;149;0.9040833333333333;0.9038
11;150;0.90905;0.9064
11;151;0.90465;0.8998
11;152;0.9078833333333334;0.9035
11;153;0.9038;0.902
11;154;0.9033166666666667;0.8996
11;155;0.90015;0.9023
11;156;0.9059333333333334;0.9033
11;157;0.9021833333333333;0.9012
11;158;0.8997666666666667;0.8993
11;159;0.9062;0.9039
11;160;0.9043333333333333;0.9037
11;161;0.9060833333333334;0.903
11;162;0.89805;0.901
11;163;0.9012666666666667;0.9011
11;164;0.9080666666666667;0.9068
11;165;0.8969666666666667;0.8963
11;166;0.9028833333333334;0.901
11;167;0.90525;0.9036
11;168;0.90545;0.9043
11;169;0.9037833333333334;0.9056
11;170;0.9012166666666667;0.9003
11;171;0.90445;0.9013
11;172;0.9084166666666667;0.904
11;173;0.9081166666666667;0.9052
11;174;0.9026666666666666;0.9024
11;175;0.9042166666666667;0.9033
11;176;0.90535;0.9049
11;177;0.8981333333333333;0.9002
11;178;0.89595;0.8941
11;179;0.9046;0.9026
11;180;0.9045;0.9029
11;181;0.9035333333333333;0.9011
11;182;0.9022666666666667;0.902
11;183;0.9028166666666667;0.9001
11;184;0.9058166666666667;0.9056
11;185;0.9043833333333333;0.9025
11;186;0.9086;0.9054
11;187;0.9026333333333333;0.9001
11;188;0.9045333333333333;0.903
11;189;0.9008833333333334;0.8972
11;190;0.9001;0.9017
11;191;0.9059833333333334;0.9036
11;192;0.8985333333333333;0.8958
11;193;0.9088;0.9071
11;194;0.9042166666666667;0.9032
11;195;0.9041333333333333;0.903
11;196;0.9023333333333333;0.9026
11;197;0.89865;0.8998
11;198;0.9032666666666667;0.9022
11;199;0.9025333333333333;0.9015
12;0;0.9066833333333333;0.9047
12;1;0.9092333333333333;0.9072
12;2;0.9032666666666667;0.9023
12;3;0.9028166666666667;0.9025
12;4;0.9036;0.9019
12;5;0.9051166666666667;0.9041
12;6;0.9068666666666667;0.9031
12;7;0.8984;0.8971
12;8;0.8982666666666667;0.8987
12;9;0.9040166666666667;0.9038
12;10;0.9002333333333333;0.9006
12;11;0.89615;0.8962
12;12;0.9019666666666667;0.9027
12;13;0.9069166666666667;0.9036
12;14;0.8990833333333333;0.9002
12;15;0.9009;0.9001
12;16;0.88825;0.8888
12;17;0.89935;0.8968
12;18;0.9001333333333333;0.9022
12;19;0.9057666666666667;0.9049
12;20;0.9080666666666667;0.9077
12;21;0.9042166666666667;0.9047
12;22;0.9036666666666666;0.9015
12;23;0.9062;0.9028
12;24;0.9072166666666667;0.9039
12;25;0.9018833333333334;0.9032
12;26;0.90045;0.899
12;27;0.9061166666666667;0.9049
12;28;0.9043166666666667;0.9003
12;29;0.8945333333333333;0.8979
12;30;0.90185;0.9012
12;31;0.9069833333333334;0.9053
12;32;0.89955;0.8987
12;33;0.9059;0.904
12;34;0.89965;0.8997
12;35;0.9008166666666667;0.8976
12;36;0.907;0.9043
12;37;0.90875;0.9044
12;38;0.8981833333333333;0.8953
12;39;0.90705;0.9049
12;40;0.8939333333333334;0.8966
12;41;0.9072666666666667;0.9039
12;42;0.89765;0.8999
12;43;0.9071833333333333;0.9054
12;44;0.9000166666666667;0.9002
12;45;0.9067333333333333;0.9047
12;46;0.90445;0.9018
12;47;0.9034166666666666;0.9042
12;48;0.90025;0.9006
12;49;0.9015;0.901
12;50;0.9020333333333334;0.9014
12;51;0.90655;0.9031
12;52;0.90335;0.9056
12;53;0.9068666666666667;0.9046
12;54;0.9028;0.9036
12;55;0.9044166666666666;0.9038
12;56;0.9000166666666667;0.9005
12;57;0.9067833333333334;0.9072
12;58;0.8980833333333333;0.8988
12;59;0.9001833333333333;0.9009
12;60;0.9039166666666667;0.904
12;61;0.8973;0.8986
12;62;0.89825;0.8977
12;63;0.9069666666666667;0.9017
12;64;0.90625;0.9049
12;65;0.9036;0.9034
12;66;0.9065666666666666;0.9066
12;67;0.9058166666666667;0.9037
12;68;0.902;0.8992
12;69;0.9069666666666667;0.905
12;70;0.8951833333333333;0.8982
12;71;0.9022;0.9016
12;72;0.9082;0.9043
12;73;0.9066166666666666;0.9044
12;74;0.90365;0.9025
12;75;0.9007666666666667;0.9035
12;76;0.9065666666666666;0.9021
12;77;0.9019833333333334;0.9019
12;78;0.8983833333333333;0.8969
12;79;0.9012166666666667;0.8976
12;80;0.8991333333333333;0.9026
12;81;0.9018666666666667;0.9021
12;82;0.9042;0.9031
12;83;0.9025666666666666;0.9044
12;84;0.9029833333333334;0.9012
12;85;0.9026166666666666;0.9031
12;86;0.9056;0.9046
12;87;0.9006666666666666;0.8984
12;88;0.9090666666666667;0.905
12;89;0.9050166666666667;0.9036
12;90;0.9058166666666667;0.9029
12;91;0.9018666666666667;0.9008
12;92;0.9001333333333333;0.8987
12;93;0.9053333333333333;0.9027
12;94;0.9046;0.907
12;95;0.9008166666666667;0.9005
12;96;0.90365;0.9037
12;97;0.9037833333333334;0.9047
12;98;0.8965666666666666;0.8957
12;99;0.8983333333333333;0.8957
12;100;0.8867166666666667;0.8839
12;101;0.89865;0.8966
12;102;0.8996833333333333;0.8971
12;103;0.9071166666666667;0.9049
12;104;0.9090166666666667;0.9063
12;105;0.9041833333333333;0.9028
12;106;0.9014833333333333;0.9032
12;107;0.90175;0.9009
12;108;0.9024333333333333;0.9019
12;109;0.9052333333333333;0.9042
12;110;0.9059833333333334;0.9044
12;111;0.9057666666666667;0.9063
12;112;0.90595;0.9056
12;113;0.9039833333333334;0.9045
12;114;0.9040666666666667;0.9019
12;115;0.89935;0.898
12;116;0.9028166666666667;0.9028
12;117;0.8991166666666667;0.8992
12;118;0.9060333333333334;0.9055
12;119;0.9057666666666667;0.9045
12;120;0.9055;0.9029
12;121;0.9050333333333334;0.9015
12;122;0.8975833333333333;0.8993
12;123;0.9008833333333334;0.9023
12;124;0.9003833333333333;0.8993
12;125;0.9022;0.9013
12;126;0.9018;0.9004
12;127;0.9002833333333333;0.9
12;128;0.8925666666666666;0.8933
12;129;0.9047333333333333;0.9014
12;130;0.9039666666666667;0.9042
12;131;0.90785;0.9059
12;132;0.90225;0.8961
12;133;0.90475;0.9071
12;134;0.9050333333333334;0.9011
12;135;0.9011166666666667;0.898
12;136;0.9039333333333334;0.9024
12;137;0.898;0.8987
12;138;0.9033166666666667;0.9026
12;139;0.90795;0.9084
12;140;0.8999;0.8984
12;141;0.9043666666666667;0.9016
12;142;0.8995166666666666;0.8989
12;143;0.9033666666666667;0.9003
12;144;0.9038166666666667;0.9051
12;145;0.9033666666666667;0.9052
12;146;0.9038666666666667;0.9044
12;147;0.8978666666666667;0.8953
12;148;0.90505;0.9032
12;149;0.9025833333333333;0.9041
12;150;0.9010166666666667;0.9002
12;151;0.9011333333333333;0.9001
12;152;0.90475;0.9033
12;153;0.9052166666666667;0.8998
12;154;0.9087666666666666;0.9049
12;155;0.89275;0.8943
12;156;0.9028166666666667;0.9007
12;157;0.8979;0.8971
12;158;0.9041833333333333;0.9048
12;159;0.9076833333333333;0.9038
12;160;0.9049333333333334;0.9008
12;161;0.9062833333333333;0.9015
12;162;0.9027333333333334;0.9014
12;163;0.9073166666666667;0.903
12;164;0.9051166666666667;0.9056
12;165;0.90955;0.9064
12;166;0.90245;0.9
12;167;0.9049333333333334;0.9036
12;168;0.9068;0.9037
12;169;0.9023166666666667;0.9021
12;170;0.9046666666666666;0.9028
12;171;0.9025166666666666;0.899
12;172;0.9063166666666667;0.9032
12;173;0.9058166666666667;0.9038
12;174;0.9010166666666667;0.8982
12;175;0.9065666666666666;0.9052
12;176;0.9012666666666667;0.8979
12;177;0.9033;0.9027
12;178;0.9025333333333333;0.9012
12;179;0.9042333333333333;0.9043
12;180;0.9043833333333333;0.9047
12;181;0.90345;0.8996
12;182;0.9045833333333333;0.9017
12;183;0.9048333333333334;0.905
12;184;0.9026833333333333;0.9032
12;185;0.9052;0.9048
12;186;0.8992666666666667;0.8974
12;187;0.9070333333333334;0.9054
12;188;0.9058833333333334;0.9043
12;189;0.9068666666666667;0.9063
12;190;0.9031666666666667;0.903
12;191;0.9075666666666666;0.9083
12;192;0.8982833333333333;0.8958
12;193;0.9067333333333333;0.9039
12;194;0.9049166666666667;0.9017
12;195;0.8967333333333334;0.8976
12;196;0.9027666666666667;0.9022
12;197;0.9030333333333334;0.9015
12;198;0.8983166666666667;0.9006
12;199;0.9040333333333334;0.9049
13;0;0.9028666666666667;0.9028
13;1;0.90555;0.9062
13;2;0.9037333333333334;0.9052
13;3;0.9075;0.9049
13;4;0.9101666666666667;0.9071
13;5;0.8977;0.8962
13;6;0.9037833333333334;0.9033
13;7;0.9032166666666667;0.9011
13;8;0.9059;0.9026
13;9;0.9029;0.9015
13;10;0.9062833333333333;0.9044
13;11;0.90215;0.9017
13;12;0.9047333333333333;0.9018
13;13;0.8975833333333333;0.9004
13;14;0.9008833333333334;0.9
13;15;0.89895;0.8982
13;16;0.91065;0.9075
13;17;0.9036666666666666;0.9035
13;18;0.90535;0.9033
13;19;0.9023333333333333;0.903
13;20;0.90435;0.9034
13;21;0.90385;0.9027
13;22;0.8985833333333333;0.8983
13;23;0.9019;0.9001
13;24;0.9048166666666667;0.9037
13;25;0.9070833333333334;0.9052
13;26;0.9018;0.9027
13;27;0.9043333333333333;0.9013
13;28;0.90635;0.9065
13;29;0.9065333333333333;0.9057
13;30;0.9011;0.8996
13;31;0.89975;0.8988
13;32;0.9008833333333334;0.9019
13;33;0.90155;0.9009
13;34;0.8994166666666666;0.8989
13;35;0.9033;0.8997
13;36;0.9004333333333333;0.9003
13;37;0.9077166666666666;0.9024
13;38;0.9068166666666667;0.9045
13;39;0.9046166666666666;0.9039
13;40;0.9070833333333334;0.9046
13;41;0.9047166666666666;0.9014
13;42;0.9069833333333334;0.9077
13;43;0.9050333333333334;0.9029
13;44;0.9000666666666667;0.8993
13;45;0.8993166666666667;0.9006
13;46;0.89965;0.8989
13;47;0.9005666666666666;0.8999
13;48;0.90105;0.8996
13;49;0.9043833333333333;0.9038
13;50;0.9005166666666666;0.8998
13;51;0.9017;0.9023
13;52;0.90245;0.9049
13;53;0.8981833333333333;0.8986
13;54;0.9057;0.9022
13;55;0.90515;0.9017
13;56;0.9081833333333333;0.9049
13;57;0.9098833333333334;0.9058
13;58;0.9023833333333333;0.9005
13;59;0.9059166666666667;0.9069
13;60;0.9065833333333333;0.907
13;61;0.9022;0.9022
13;62;0.9084166666666667;0.9053
13;63;0.9035833333333333;0.9029
13;64;0.9070333333333334;0.9041
13;65;0.9003666666666666;0.9016
13;66;0.9072333333333333;0.9056
13;67;0.9064166666666666;0.9053
13;68;0.90805;0.9063
13;69;0.8979;0.8955
13;70;0.9024666666666666;0.9005
13;71;0.9044;0.9033
13;72;0.9024666666666666;0.9027
13;73;0.9036833333333333;0.8999
13;74;0.9062833333333333;0.9047
13;75;0.9034;0.9045
13;76;0.8976;0.8971
13;77;0.9017333333333334;0.9016
13;78;0.9020666666666667;0.9053
13;79;0.8989833333333334;0.9
13;80;0.9064;0.9048
13;81;0.9094833333333333;0.9082
13;82;0.9024833333333333;0.9014
13;83;0.9082833333333333;0.9049
13;84;0.9060833333333334;0.9046
13;85;0.9022;0.9021
13;86;0.9013;0.9005
13;87;0.9086833333333333;0.9059
13;88;0.8949833333333334;0.8918
13;89;0.9017833333333334;0.9014
13;90;0.9030833333333333;0.902
13;91;0.9035;0.9031
13;92;0.8977666666666667;0.8982
13;93;0.9038833333333334;0.9016
13;94;0.9070666666666667;0.9064
13;95;0.8969833333333334;0.8951
13;96;0.9029;0.903
13;97;0.90225;0.8989
13;98;0.90395;0.9031
13;99;0.9081;0.903
13;100;0.9031;0.9013
13;101;0.9021666666666667;0.9002
13;102;0.9069166666666667;0.9057
13;103;0.9057;0.9047
13;104;0.9030166666666667;0.9001
13;105;0.9024166666666666;0.9019
13;106;0.89825;0.8974
13;107;0.9029;0.9025
13;108;0.8968333333333334;0.898
13;109;0.9067333333333333;0.9041
13;110;0.9070666666666667;0.9034
13;111;0.9050666666666667;0.9051
13;112;0.9008;0.8977
13;113;0.9109333333333334;0.9083
13;114;0.9010833333333333;0.9008
13;115;0.90465;0.9024
13;116;0.8991333333333333;0.9006
13;117;0.9079;0.904
13;118;0.9017333333333334;0.8993
13;119;0.90725;0.9035
13;120;0.9074;0.907
13;121;0.9065666666666666;0.9036
13;122;0.9033333333333333;0.9014
13;123;0.9009833333333334;0.8995
13;124;0.9022166666666667;0.9001
13;125;0.8989666666666667;0.9011
13;126;0.9079666666666667;0.908
13;127;0.9018833333333334;0.9026
13;128;0.9041833333333333;0.904
13;129;0.8989666666666667;0.8941
13;130;0.8983;0.8969
13;131;0.90485;0.9039
13;132;0.9017166666666667;0.9013
13;133;0.91015;0.9053
13;134;0.9028333333333334;0.9037
13;135;0.9065;0.9057
13;136;0.9037333333333334;0.9013
13;137;0.9002666666666667;0.8978
13;138;0.9021166666666667;0.8987
13;139;0.9099833333333334;0.9074
13;140;0.9000666666666667;0.8971
13;141;0.9043166666666667;0.9018
13;142;0.9039;0.9043
13;143;0.90735;0.9065
13;144;0.9067166666666666;0.9074
13;145;0.903;0.9039
13;146;0.9062666666666667;0.9059
13;147;0.9105;0.9083
13;148;0.8943166666666666;0.8958
13;149;0.90235;0.9035
13;150;0.8984;0.8985
13;151;0.90665;0.9044
13;152;0.9044;0.9019
13;153;0.8982166666666667;0.8997
13;154;0.9033333333333333;0.9033
13;155;0.9032;0.9016
13;156;0.8949666666666667;0.8944
13;157;0.9048;0.9013
13;158;0.9030666666666667;0.9041
13;159;0.9028166666666667;0.9007
13;160;0.9060166666666667;0.9066
13;161;0.9009666666666667;0.9038
13;162;0.9043833333333333;0.9007
13;163;0.9079166666666667;0.9043
13;164;0.9018166666666667;0.9022
13;165;0.9025833333333333;0.9014
13;166;0.8989166666666667;0.8966
13;167;0.9107166666666666;0.9091
13;168;0.9029833333333334;0.9004
13;169;0.9007;0.9017
13;170;0.9039333333333334;0.9039
13;171;0.9063166666666667;0.9057
13;172;0.9063333333333333;0.903
13;173;0.8978;0.8982
13;174;0.9001333333333333;0.9015
13;175;0.90455;0.9044
13;176;0.8984;0.8981
13;177;0.9055333333333333;0.8999
13;178;0.90175;0.8973
13;179;0.9031333333333333;0.9024
13;180;0.9081333333333333;0.9055
13;181;0.9051666666666667;0.9033
13;182;0.9064666666666666;0.9055
13;183;0.9064666666666666;0.9063
13;184;0.9038333333333334;0.9029
13;185;0.9021666666666667;0.9003
13;186;0.9047833333333334;0.9027
13;187;0.9012333333333333;0.9038
13;188;0.89745;0.9003
13;189;0.8963333333333333;0.8976
13;190;0.899;0.8966
13;191;0.9012166666666667;0.8995
13;192;0.8995333333333333;0.8971
13;193;0.9051833333333333;0.9055
13;194;0.89765;0.896
13;195;0.9054333333333333;0.905
13;196;0.9068666666666667;0.905
13;197;0.90565;0.9073
13;198;0.9044666666666666;0.9023
13;199;0.9077;0.9053
14;0;0.912;0.9106
14;1;0.90265;0.9038
14;2;0.9026833333333333;0.9032
14;3;0.9036166666666666;0.9032
14;4;0.90395;0.9027
14;5;0.9045;0.9013
14;6;0.9029166666666667;0.902
14;7;0.9045;0.9038
14;8;0.9027333333333334;0.9037
14;9;0.9018166666666667;0.9019
14;10;0.9045166666666666;0.9027
14;11;0.90075;0.899
14;12;0.9031833333333333;0.9023
14;13;0.9038166666666667;0.9035
14;14;0.9044333333333333;0.9018
14;15;0.9030666666666667;0.8998
14;16;0.9068;0.9066
14;17;0.9036;0.9025
14;18;0.89795;0.8951
14;19;0.8951833333333333;0.8987
14;20;0.8976;0.8981
14;21;0.8962166666666667;0.8942
14;22;0.9045666666666666;0.9049
14;23;0.9044833333333333;0.9055
14;24;0.906;0.9044
14;25;0.9020666666666667;0.9013
14;26;0.9052666666666667;0.9043
14;27;0.9023333333333333;0.8985
14;28;0.9024;0.8993
14;29;0.9052666666666667;0.9029
14;30;0.9068166666666667;0.9055
14;31;0.9038666666666667;0.9007
14;32;0.9048166666666667;0.9049
14;33;0.90415;0.9047
14;34;0.8987166666666667;0.8969
14;35;0.9031666666666667;0.9035
14;36;0.9058;0.9045
14;37;0.9026;0.9011
14;38;0.9052666666666667;0.9043
14;39;0.9012833333333333;0.899
14;40;0.90605;0.9061
14;41;0.8948666666666667;0.9004
14;42;0.89535;0.8944
14;43;0.9078166666666667;0.9057
14;44;0.8994;0.8998
14;45;0.90475;0.904
14;46;0.9024333333333333;0.9024
14;47;0.8956666666666667;0.8971
14;48;0.8983833333333333;0.8976
14;49;0.9057;0.9039
14;50;0.90165;0.8992
14;51;0.9055333333333333;0.9024
14;52;0.9054166666666666;0.9045
14;53;0.90245;0.9001
14;54;0.8978;0.8994
14;55;0.9076333333333333;0.9041
14;56;0.9013666666666666;0.8996
14;57;0.9062833333333333;0.9048
14;58;0.9036666666666666;0.9026
14;59;0.8998666666666667;0.8985
14;60;0.8987166666666667;0.8995
14;61;0.9019833333333334;0.9007
14;62;0.8971833333333333;0.8972
14;63;0.9029666666666667;0.905
14;64;0.90685;0.905
14;65;0.9068166666666667;0.9021
14;66;0.9026;0.9033
14;67;0.8977166666666667;0.8946
14;68;0.9047;0.9035
14;69;0.9059833333333334;0.9055
14;70;0.9081333333333333;0.9049
14;71;0.9063;0.9057
14;72;0.9010333333333334;0.9006
14;73;0.8967666666666667;0.8956
14;74;0.8996666666666666;0.8999
14;75;0.8972666666666667;0.8989
14;76;0.90275;0.9001
14;77;0.9081333333333333;0.9039
14;78;0.9044333333333333;0.903
14;79;0.8970333333333333;0.8945
14;80;0.9086333333333333;0.9069
14;81;0.9043166666666667;0.9003
14;82;0.90735;0.9066
14;83;0.9049333333333334;0.9003
14;84;0.9017166666666667;0.9
14;85;0.8997;0.8987
14;86;0.90205;0.9001
14;87;0.90495;0.9044
14;88;0.8996333333333333;0.901
14;89;0.90605;0.9055
14;90;0.9003;0.9
14;91;0.8987;0.8984
14;92;0.9059666666666667;0.9057
14;93;0.8991;0.9007
14;94;0.8974;0.8985
14;95;0.9033666666666667;0.902
14;96;0.9064666666666666;0.9065
14;97;0.9000666666666667;0.9012
14;98;0.9044;0.9018
14;99;0.8992333333333333;0.8988
14;100;0.9095;0.9076
14;101;0.9025166666666666;0.9021
14;102;0.9059333333333334;0.9067
14;103;0.90305;0.9021
14;104;0.9012833333333333;0.8981
14;105;0.9026333333333333;0.9018
14;106;0.9075166666666666;0.9065
14;107;0.9064833333333333;0.9058
14;108;0.9057166666666666;0.9028
14;109;0.9054666666666666;0.9043
14;110;0.9063833333333333;0.9061
14;111;0.9030666666666667;0.9011
14;112;0.9071;0.9039
14;113;0.9034;0.9013
14;114;0.8985666666666666;0.8991
14;115;0.8923166666666666;0.8916
14;116;0.9081666666666667;0.9064
14;117;0.8952333333333333;0.8973
14;118;0.9084333333333333;0.9046
14;119;0.9049166666666667;0.9046
14;120;0.9061;0.9022
14;121;0.9014166666666666;0.9015
14;122;0.9035333333333333;0.9018
14;123;0.90345;0.9031
14;124;0.9050666666666667;0.9049
14;125;0.906;0.9038
14;126;0.90535;0.9024
14;127;0.9053;0.9081
14;128;0.90435;0.9032
14;129;0.9057666666666667;0.9036
14;130;0.9077333333333333;0.905
14;131;0.90665;0.9033
14;132;0.9067833333333334;0.904
14;133;0.90575;0.9051
14;134;0.9082;0.9071
14;135;0.9060666666666667;0.9051
14;136;0.9013833333333333;0.9002
14;137;0.9077666666666667;0.9076
14;138;0.9026833333333333;0.9034
14;139;0.9013833333333333;0.902
14;140;0.9094;0.9071
14;141;0.9032833333333333;0.9024
14;142;0.9004333333333333;0.9009
14;143;0.9073166666666667;0.9044
14;144;0.9064833333333333;0.9056
14;145;0.90175;0.8984
14;146;0.9037833333333334;0.9028
14;147;0.9073666666666667;0.9059
14;148;0.9049;0.9015
14;149;0.9024833333333333;0.8987
14;150;0.9009666666666667;0.8981
14;151;0.9092333333333333;0.9071
14;152;0.9037333333333334;0.901
14;153;0.90565;0.9046
14;154;0.9036166666666666;0.9032
14;155;0.8991833333333333;0.9002
14;156;0.901;0.9009
14;157;0.9034666666666666;0.899
14;158;0.9019;0.8999
14;159;0.90405;0.9023
14;160;0.9029666666666667;0.9015
14;161;0.8983166666666667;0.9011
14;162;0.8998333333333334;0.8995
14;163;0.9079166666666667;0.9072
14;164;0.9032166666666667;0.9013
14;165;0.9044333333333333;0.9009
14;166;0.906;0.9044
14;167;0.9026;0.9039
14;168;0.9006333333333333;0.8971
14;169;0.9048333333333334;0.9043
14;170;0.9042333333333333;0.9012
14;171;0.90845;0.9059
14;172;0.9022666666666667;0.9028
14;173;0.9027333333333334;0.9021
14;174;0.9078833333333334;0.9058
14;175;0.9024166666666666;0.8997
14;176;0.9032666666666667;0.9015
14;177;0.9060666666666667;0.9032
14;178;0.8981;0.9002
14;179;0.9059833333333334;0.9054
14;180;0.9057666666666667;0.9038
14;181;0.90445;0.9038
14;182;0.9042833333333333;0.9025
14;183;0.896;0.8961
14;184;0.9023666666666667;0.9022
14;185;0.90675;0.9054
14;186;0.8935333333333333;0.897
14;187;0.9041833333333333;0.9035
14;188;0.9102666666666667;0.9085
14;189;0.8996166666666666;0.9017
14;190;0.90345;0.9022
14;191;0.9038;0.9009
14;192;0.9044166666666666;0.9031
14;193;0.89875;0.8975
14;194;0.8984166666666666;0.8991
14;195;0.9052333333333333;0.9008
14;196;0.9001;0.8984
14;197;0.9001;0.8976
14;198;0.90535;0.9037
14;199;0.9052833333333333;0.9029
15;0;0.90525;0.9022
15;1;0.90685;0.9037
15;2;0.9025833333333333;0.9017
15;3;0.9044666666666666;0.905
15;4;0.9052666666666667;0.904
15;5;0.9022833333333333;0.9016
15;6;0.9066666666666666;0.9049
15;7;0.8993;0.8969
15;8;0.9087333333333333;0.906
15;9;0.9066833333333333;0.9063
15;10;0.9049666666666667;0.9042
15;11;0.90675;0.9031
15;12;0.9046666666666666;0.9063
15;13;0.90875;0.9098
15;14;0.9071166666666667;0.9049
15;15;0.9065166666666666;0.9044
15;16;0.9045666666666666;0.9038
15;17;0.9022833333333333;0.9002
15;18;0.9060166666666667;0.9068
15;19;0.9079333333333334;0.9062
15;20;0.90865;0.9058
15;21;0.8975166666666666;0.8952
15;22;0.9003;0.9004
15;23;0.8954666666666666;0.8975
15;24;0.90315;0.9017
15;25;0.90675;0.9031
15;26;0.9023666666666667;0.9012
15;27;0.8995333333333333;0.8969
15;28;0.9012;0.9002
15;29;0.89615;0.8971
15;30;0.9028333333333334;0.9027
15;31;0.8926166666666666;0.8918
15;32;0.9034;0.9032
15;33;0.90695;0.9024
15;34;0.90245;0.9019
15;35;0.89845;0.8989
15;36;0.9033666666666667;0.9032
15;37;0.9069;0.9062
15;38;0.8988666666666667;0.8967
15;39;0.9054166666666666;0.9025
15;40;0.9016833333333333;0.9008
15;41;0.90585;0.9027
15;42;0.8976;0.9004
15;43;0.9057;0.9053
15;44;0.91135;0.9083
15;45;0.9068833333333334;0.9013
15;46;0.9021166666666667;0.9012
15;47;0.9049166666666667;0.9036
15;48;0.9025333333333333;0.8993
15;49;0.9004666666666666;0.8995
15;50;0.9032166666666667;0.9037
15;51;0.9083166666666667;0.9037
15;52;0.8998;0.8991
15;53;0.8985166666666666;0.8979
15;54;0.9022;0.8994
15;55;0.9059833333333334;0.9048
15;56;0.8986;0.8969
15;57;0.9005333333333333;0.899
15;58;0.9057166666666666;0.9031
15;59;0.9023666666666667;0.9013
15;60;0.9029333333333334;0.8998
15;61;0.9041333333333333;0.9005
15;62;0.90305;0.9015
15;63;0.9037;0.8987
15;64;0.90665;0.9051
15;65;0.9018666666666667;0.9004
15;66;0.8978166666666667;0.9005
15;67;0.9038333333333334;0.9003
15;68;0.8990166666666667;0.898
15;69;0.90345;0.8992
15;70;0.9087833333333334;0.9047
15;71;0.9048833333333334;0.9033
15;72;0.9013333333333333;0.9002
15;73;0.8954166666666666;0.8963
15;74;0.9042666666666667;0.904
15;75;0.9034;0.9059
15;76;0.90385;0.9022
15;77;0.9006;0.8981
15;78;0.9024333333333333;0.9026
15;79;0.906;0.9023
15;80;0.9020666666666667;0.9006
15;81;0.9048833333333334;0.9057
15;82;0.90265;0.9012
15;83;0.9005333333333333;0.8991
15;84;0.9031833333333333;0.9034
15;85;0.8967333333333334;0.8959
15;86;0.9043166666666667;0.9039
15;87;0.9106333333333333;0.907
15;88;0.90705;0.9044
15;89;0.90625;0.9043
15;90;0.9017;0.9005
15;91;0.9060166666666667;0.9041
15;92;0.9071666666666667;0.9031
15;93;0.90815;0.9077
15;94;0.90235;0.9004
15;95;0.8940166666666667;0.8947
15;96;0.9074166666666666;0.9071
15;97;0.9041166666666667;0.904
15;98;0.9073666666666667;0.907
15;99;0.9002833333333333;0.8983
15;100;0.9023666666666667;0.9018
15;101;0.90035;0.8985
15;102;0.9026666666666666;0.9021
15;103;0.9025166666666666;0.9018
15;104;0.9054;0.9028
15;105;0.9034833333333333;0.9023
15;106;0.90345;0.9023
15;107;0.9029333333333334;0.9018
15;108;0.8953333333333333;0.893
15;109;0.9054666666666666;0.9042
15;110;0.89965;0.8975
15;111;0.9055833333333333;0.9041
15;112;0.90165;0.8995
15;113;0.9065333333333333;0.9048
15;114;0.9084;0.908
15;115;0.8994166666666666;0.8989
15;116;0.90505;0.9019
15;117;0.9046166666666666;0.9064
15;118;0.9066333333333333;0.9045
15;119;0.9071833333333333;0.9064
15;120;0.9072833333333333;0.9041
15;121;0.90175;0.9015
15;122;0.90525;0.902
15;123;0.9040166666666667;0.9013
15;124;0.9055;0.9039
15;125;0.9024333333333333;0.9024
15;126;0.9020333333333334;0.9037
15;127;0.90685;0.905
15;128;0.9013333333333333;0.8999
15;129;0.9024;0.902
15;130;0.9062;0.9058
15;131;0.9039333333333334;0.9032
15;132;0.9101666666666667;0.9066
15;133;0.89595;0.8971
15;134;0.9035666666666666;0.9023
15;135;0.90185;0.9019
15;136;0.9103;0.9085
15;137;0.9053833333333333;0.9034
15;138;0.9042666666666667;0.9031
15;139;0.9033333333333333;0.9001
15;140;0.90735;0.9059
15;141;0.90355;0.9043
15;142;0.9007333333333334;0.8984
15;143;0.9058;0.9033
15;144;0.9062333333333333;0.9048
15;145;0.90335;0.901
15;146;0.9030166666666667;0.9027
15;147;0.9081333333333333;0.9053
15;148;0.9028;0.9031
15;149;0.9066666666666666;0.9003
15;150;0.9002333333333333;0.8994
15;151;0.90355;0.9016
15;152;0.89875;0.9005
15;153;0.9;0.8974
15;154;0.9034833333333333;0.9047
15;155;0.9022333333333333;0.9029
15;156;0.89845;0.8983
15;157;0.8967166666666667;0.8948
15;158;0.9026666666666666;0.9016
15;159;0.9028833333333334;0.9014
15;160;0.8946666666666667;0.8933
15;161;0.9058166666666667;0.9036
15;162;0.9017666666666667;0.9005
15;163;0.8937;0.8962
15;164;0.8985666666666666;0.8973
15;165;0.9001666666666667;0.9
15;166;0.90315;0.9012
15;167;0.9048333333333334;0.905
15;168;0.90325;0.9032
15;169;0.9038666666666667;0.9035
15;170;0.8960166666666667;0.8974
15;171;0.9055666666666666;0.9065
15;172;0.9053333333333333;0.9014
15;173;0.9068833333333334;0.904
15;174;0.9024666666666666;0.904
15;175;0.90565;0.9041
15;176;0.9019666666666667;0.9018
